entry_time,ce_scrip,pe_scrip,entry_price,exit_time,exit_price,pnl,exit_reason,file_id
2024-01-01 09:20:00,22000CE,21400PE,55.4,2024-01-01 14:11:00,59.832,-4.432000000000002,SL Hit,0
2024-01-01 14:11:00,22000CE,21400PE,61.7,2024-01-01 14:42:00,66.63600000000001,-4.936000000000007,SL Hit,0
2024-01-01 14:42:00,22000CE,21400PE,66.85,2024-01-01 14:44:00,72.198,-5.347999999999999,SL Hit,0
2024-01-01 14:44:00,22000CE,21400PE,73.1,2024-01-01 14:49:00,78.948,-5.847999999999999,SL Hit,0
2024-01-01 14:49:00,22000CE,21400PE,82.0,2024-01-01 15:25:00,36.7,45.3,Time Exit,0
2024-01-02 09:20:00,22000CE,21500PE,45.400000000000006,2024-01-02 09:58:00,49.03200000000001,-3.632000000000005,SL Hit,1
2024-01-02 09:58:00,22000CE,21500PE,50.849999999999994,2024-01-02 10:24:00,54.918,-4.068000000000005,SL Hit,1
2024-01-02 10:24:00,22000CE,21500PE,57.699999999999996,2024-01-02 10:36:00,69.24,-11.54,Intra SL Hit,1
2024-01-03 09:20:00,21750CE,21450PE,57.349999999999994,2024-01-03 15:25:00,34.85,22.499999999999993,Time Exit,2
2024-01-04 09:20:00,21600CE,21550PE,58.9,2024-01-04 12:23:00,63.612,-4.712000000000003,SL Hit,3
2024-01-04 12:23:00,21600CE,21550PE,63.75,2024-01-04 15:25:00,57.4,6.350000000000001,Time Exit,3
2024-01-05 09:20:00,22050CE,21400PE,45.25,2024-01-05 10:54:00,48.870000000000005,-3.6200000000000045,SL Hit,4
2024-01-05 10:54:00,22050CE,21400PE,50.3,2024-01-05 15:25:00,33.45,16.849999999999994,Time Exit,4
2024-01-08 09:20:00,21950CE,21450PE,48.150000000000006,2024-01-08 09:24:00,52.00200000000001,-3.852000000000004,SL Hit,5
2024-01-08 09:24:00,21950CE,21450PE,52.150000000000006,2024-01-08 11:07:00,56.32200000000001,-4.172000000000004,SL Hit,5
2024-01-08 11:07:00,21950CE,21450PE,60.25,2024-01-08 11:57:00,65.07000000000001,-4.820000000000007,SL Hit,5
2024-01-08 11:57:00,21950CE,21450PE,68.2,2024-01-08 14:38:00,73.656,-5.456000000000003,SL Hit,5
2024-01-08 14:38:00,21950CE,21450PE,75.3,2024-01-08 15:25:00,76.14999999999999,-0.8499999999999943,Time Exit,5
2024-01-09 09:20:00,21850CE,21500PE,53.95,2024-01-09 09:36:00,58.266000000000005,-4.3160000000000025,SL Hit,6
2024-01-09 09:36:00,21850CE,21500PE,58.6,2024-01-09 09:52:00,63.288000000000004,-4.688000000000002,SL Hit,6
2024-01-09 09:52:00,21850CE,21500PE,63.65,2024-01-09 14:28:00,68.742,-5.092000000000006,SL Hit,6
2024-01-09 14:28:00,21850CE,21500PE,72.0,2024-01-09 14:42:00,77.76,-5.760000000000005,SL Hit,6
2024-01-09 14:42:00,21850CE,21500PE,78.45,2024-01-09 15:25:00,63.9,14.550000000000004,Time Exit,6
2024-01-10 09:20:00,21700CE,21350PE,44.9,2024-01-10 09:28:00,53.879999999999995,-8.979999999999997,Intra SL Hit,7
2024-01-11 09:20:00,21750CE,21700PE,57.65,2024-01-11 09:33:00,62.262,-4.612000000000002,SL Hit,8
2024-01-11 09:33:00,21750CE,21700PE,62.3,2024-01-11 10:54:00,67.284,-4.984000000000009,SL Hit,8
2024-01-11 10:54:00,21750CE,21700PE,73.64999999999999,2024-01-11 14:11:00,88.37999999999998,-14.72999999999999,Intra SL Hit,8
2024-01-12 09:20:00,22050CE,21400PE,55.8,2024-01-12 10:04:00,60.264,-4.464000000000006,SL Hit,9
2024-01-12 10:04:00,22050CE,21400PE,60.3,2024-01-12 10:06:00,65.124,-4.823999999999998,SL Hit,9
2024-01-12 10:06:00,22050CE,21400PE,65.3,2024-01-12 10:09:00,70.524,-5.224000000000004,SL Hit,9
2024-01-12 10:09:00,22050CE,21400PE,73.4,2024-01-12 10:27:00,79.272,-5.872,SL Hit,9
2024-01-12 10:27:00,22050CE,21400PE,81.3,2024-01-12 12:55:00,87.804,-6.504000000000005,SL Hit,9
2024-01-12 12:55:00,22050CE,21400PE,92.85,2024-01-12 13:42:00,100.278,-7.4280000000000115,SL Hit,9
2024-01-12 13:42:00,22050CE,21400PE,102.25,2024-01-12 14:36:00,110.43,-8.180000000000007,SL Hit,9
2024-01-12 14:36:00,22050CE,21400PE,114.85000000000001,2024-01-12 15:25:00,94.9,19.950000000000003,Time Exit,9
2024-01-15 09:20:00,22350CE,21650PE,50.55,2024-01-15 15:25:00,41.75,8.799999999999997,Time Exit,10
2024-01-16 09:20:00,22250CE,21800PE,64.9,2024-01-16 09:53:00,70.09200000000001,-5.192000000000007,SL Hit,11
2024-01-16 09:53:00,22250CE,21800PE,71.0,2024-01-16 15:25:00,42.85,28.15,Time Exit,11
2024-01-17 09:20:00,22050CE,21550PE,47.45,2024-01-17 11:42:00,51.24600000000001,-3.7960000000000065,SL Hit,12
2024-01-17 11:42:00,22050CE,21550PE,51.45,2024-01-17 12:02:00,55.56600000000001,-4.116000000000007,SL Hit,12
2024-01-17 12:02:00,22050CE,21550PE,59.0,2024-01-17 12:05:00,70.8,-11.799999999999997,Intra SL Hit,12
2024-01-18 09:20:00,21550CE,21350PE,44.2,2024-01-18 09:36:00,53.04,-8.839999999999996,Intra SL Hit,13
2024-01-19 09:20:00,22150CE,21100PE,44.55,2024-01-19 15:25:00,37.15,7.399999999999999,Time Exit,14
2024-01-20 09:20:00,22050CE,21400PE,62.45,2024-01-20 09:30:00,67.44600000000001,-4.996000000000009,SL Hit,15
2024-01-20 09:30:00,22050CE,21400PE,72.1,2024-01-20 10:10:00,77.868,-5.768000000000001,SL Hit,15
2024-01-20 10:10:00,22050CE,21400PE,80.0,2024-01-20 15:25:00,71.75,8.25,Time Exit,15
2024-01-23 09:20:00,22000CE,21500PE,51.05,2024-01-23 09:58:00,55.134,-4.084000000000003,SL Hit,16
2024-01-23 09:58:00,22000CE,21500PE,56.75,2024-01-23 10:01:00,61.290000000000006,-4.540000000000006,SL Hit,16
2024-01-23 10:01:00,22000CE,21500PE,61.4,2024-01-23 10:21:00,66.312,-4.911999999999999,SL Hit,16
2024-01-23 10:21:00,22000CE,21500PE,67.0,2024-01-23 10:24:00,72.36,-5.359999999999999,SL Hit,16
2024-01-23 10:24:00,22000CE,21500PE,73.9,2024-01-23 10:27:00,79.81200000000001,-5.912000000000006,SL Hit,16
2024-01-23 10:27:00,22000CE,21500PE,79.85,2024-01-23 10:39:00,86.238,-6.388000000000005,SL Hit,16
2024-01-23 10:39:00,22000CE,21500PE,89.14999999999999,2024-01-23 10:40:00,96.282,-7.132000000000005,SL Hit,16
2024-01-23 10:40:00,22000CE,21500PE,98.25,2024-01-23 10:43:00,106.11000000000001,-7.860000000000014,SL Hit,16
2024-01-23 10:43:00,22000CE,21500PE,109.1,2024-01-23 11:32:00,117.828,-8.728000000000009,SL Hit,16
2024-01-23 11:32:00,22000CE,21500PE,122.15,2024-01-23 11:41:00,131.92200000000003,-9.77200000000002,SL Hit,16
2024-01-23 11:41:00,22000CE,21500PE,140.7,2024-01-23 11:45:00,151.956,-11.256,SL Hit,16
2024-01-23 11:45:00,22000CE,21500PE,154.25,2024-01-23 12:00:00,166.59,-12.340000000000003,SL Hit,16
2024-01-23 12:00:00,22000CE,21500PE,168.95000000000002,2024-01-23 12:03:00,182.46600000000004,-13.51600000000002,SL Hit,16
2024-01-23 12:03:00,22000CE,21500PE,184.39999999999998,2024-01-23 12:06:00,199.152,-14.75200000000001,SL Hit,16
2024-01-23 12:06:00,22000CE,21500PE,205.65,2024-01-23 13:10:00,222.10200000000003,-16.452000000000027,SL Hit,16
2024-01-23 13:10:00,22000CE,21500PE,231.5,2024-01-23 14:15:00,250.02,-18.52000000000001,SL Hit,16
2024-01-23 14:15:00,22000CE,21500PE,250.9,2024-01-23 14:21:00,270.97200000000004,-20.07200000000003,SL Hit,16
2024-01-23 14:21:00,22000CE,21500PE,278.0,2024-01-23 14:26:00,300.24,-22.24000000000001,SL Hit,16
2024-01-23 14:26:00,22000CE,21500PE,323.85,2024-01-23 15:02:00,349.75800000000004,-25.908000000000015,SL Hit,16
2024-01-23 15:02:00,22000CE,21500PE,363.85,2024-01-23 15:25:00,319.15000000000003,44.69999999999999,Time Exit,16
2024-01-24 09:20:00,21450CE,20850PE,53.1,2024-01-24 09:21:00,57.348000000000006,-4.248000000000005,SL Hit,17
2024-01-24 09:21:00,21450CE,20850PE,60.25,2024-01-24 09:22:00,65.07000000000001,-4.820000000000007,SL Hit,17
2024-01-24 09:22:00,21450CE,20850PE,66.65,2024-01-24 09:54:00,71.98200000000001,-5.332000000000008,SL Hit,17
2024-01-24 09:54:00,21450CE,20850PE,73.15,2024-01-24 09:55:00,79.00200000000001,-5.852000000000004,SL Hit,17
2024-01-24 09:55:00,21450CE,20850PE,79.10000000000001,2024-01-24 09:56:00,85.42800000000001,-6.328000000000003,SL Hit,17
2024-01-24 09:56:00,21450CE,20850PE,86.85,2024-01-24 09:58:00,104.21999999999998,-17.36999999999999,Intra SL Hit,17
2024-01-25 09:20:00,21500CE,21300PE,60.900000000000006,2024-01-25 09:24:00,65.772,-4.872,SL Hit,18
2024-01-25 09:24:00,21500CE,21300PE,67.45,2024-01-25 10:21:00,80.94,-13.489999999999995,Intra SL Hit,18
2024-01-29 09:20:00,22100CE,20950PE,51.45,2024-01-29 09:25:00,55.56600000000001,-4.116000000000007,SL Hit,19
2024-01-29 09:25:00,22100CE,20950PE,58.3,2024-01-29 09:41:00,62.964,-4.6640000000000015,SL Hit,19
2024-01-29 09:41:00,22100CE,20950PE,63.5,2024-01-29 12:58:00,68.58,-5.079999999999998,SL Hit,19
2024-01-29 12:58:00,22100CE,20950PE,69.25,2024-01-29 13:00:00,74.79,-5.540000000000006,SL Hit,19
2024-01-29 13:00:00,22100CE,20950PE,77.15,2024-01-29 15:25:00,66.95,10.200000000000003,Time Exit,19
2024-01-30 09:20:00,22300CE,21200PE,50.0,2024-01-30 09:25:00,54.0,-4.0,SL Hit,20
2024-01-30 09:25:00,22300CE,21200PE,55.25,2024-01-30 15:25:00,43.75,11.5,Time Exit,20
2024-01-31 09:20:00,21900CE,21000PE,49.45,2024-01-31 09:29:00,53.406000000000006,-3.956000000000003,SL Hit,21
2024-01-31 09:29:00,21900CE,21000PE,53.95,2024-01-31 11:05:00,58.266000000000005,-4.3160000000000025,SL Hit,21
2024-01-31 11:05:00,21900CE,21000PE,58.300000000000004,2024-01-31 11:08:00,62.964000000000006,-4.6640000000000015,SL Hit,21
2024-01-31 11:08:00,21900CE,21000PE,63.45,2024-01-31 11:30:00,68.52600000000001,-5.076000000000008,SL Hit,21
2024-01-31 11:30:00,21900CE,21000PE,69.9,2024-01-31 11:33:00,75.492,-5.591999999999999,SL Hit,21
2024-01-31 11:33:00,21900CE,21000PE,75.7,2024-01-31 15:25:00,73.25,2.450000000000003,Time Exit,21
2024-02-01 09:20:00,22050CE,21400PE,56.7,2024-02-01 15:25:00,0.1,56.6,Time Exit,22
2024-02-02 09:20:00,22450CE,21400PE,50.7,2024-02-02 11:30:00,54.75600000000001,-4.0560000000000045,SL Hit,23
2024-02-02 11:30:00,22450CE,21400PE,57.099999999999994,2024-02-02 11:37:00,61.668,-4.568000000000005,SL Hit,23
2024-02-02 11:37:00,22450CE,21400PE,63.05,2024-02-02 11:40:00,68.09400000000001,-5.044000000000011,SL Hit,23
2024-02-02 11:40:00,22450CE,21400PE,75.1,2024-02-02 15:25:00,38.85,36.24999999999999,Time Exit,23
2024-02-05 09:20:00,22300CE,21350PE,50.2,2024-02-05 09:26:00,54.21600000000001,-4.016000000000005,SL Hit,24
2024-02-05 09:26:00,22300CE,21350PE,58.1,2024-02-05 09:52:00,62.748000000000005,-4.648000000000003,SL Hit,24
2024-02-05 09:52:00,22300CE,21350PE,65.15,2024-02-05 15:25:00,41.5,23.650000000000006,Time Exit,24
2024-02-06 09:20:00,22100CE,21350PE,58.5,2024-02-06 09:49:00,63.18000000000001,-4.680000000000007,SL Hit,25
2024-02-06 09:49:00,22100CE,21350PE,64.15,2024-02-06 15:25:00,62.25,1.9000000000000057,Time Exit,25
2024-02-07 09:20:00,22250CE,21750PE,56.15,2024-02-07 11:40:00,60.642,-4.492000000000004,SL Hit,26
2024-02-07 11:40:00,22250CE,21750PE,61.85,2024-02-07 15:25:00,20.25,41.6,Time Exit,26
2024-02-08 09:20:00,22100CE,21900PE,48.400000000000006,2024-02-08 10:10:00,58.080000000000005,-9.68,Intra SL Hit,27
2024-02-09 09:20:00,22250CE,21100PE,46.900000000000006,2024-02-09 09:28:00,50.65200000000001,-3.7520000000000024,SL Hit,28
2024-02-09 09:28:00,22250CE,21100PE,50.85,2024-02-09 15:25:00,28.349999999999998,22.500000000000004,Time Exit,28
2024-02-12 09:20:00,22150CE,21400PE,61.6,2024-02-12 12:07:00,66.528,-4.928000000000004,SL Hit,29
2024-02-12 12:07:00,22150CE,21400PE,69.3,2024-02-12 12:57:00,74.84400000000001,-5.544000000000011,SL Hit,29
2024-02-12 12:57:00,22150CE,21400PE,75.7,2024-02-12 13:00:00,81.75600000000001,-6.056000000000012,SL Hit,29
2024-02-12 13:00:00,22150CE,21400PE,86.0,2024-02-12 15:25:00,65.15,20.849999999999994,Time Exit,29
2024-02-13 09:20:00,21950CE,21300PE,62.55,2024-02-13 09:23:00,67.554,-5.004000000000005,SL Hit,30
2024-02-13 09:23:00,21950CE,21300PE,71.0,2024-02-13 09:31:00,76.68,-5.680000000000007,SL Hit,30
2024-02-13 09:31:00,21950CE,21300PE,77.25,2024-02-13 15:25:00,47.2,30.049999999999997,Time Exit,30
2024-02-14 09:20:00,21800CE,21300PE,47.6,2024-02-14 13:06:00,51.40800000000001,-3.808000000000007,SL Hit,31
2024-02-14 13:06:00,21800CE,21300PE,52.45,2024-02-14 14:17:00,56.64600000000001,-4.196000000000005,SL Hit,31
2024-02-14 14:17:00,21800CE,21300PE,60.699999999999996,2024-02-14 14:23:00,65.556,-4.856000000000002,SL Hit,31
2024-02-14 14:23:00,21800CE,21300PE,66.0,2024-02-14 14:24:00,71.28,-5.280000000000001,SL Hit,31
2024-02-14 14:24:00,21800CE,21300PE,74.7,2024-02-14 14:32:00,80.676,-5.975999999999999,SL Hit,31
2024-02-14 14:32:00,21800CE,21300PE,85.35,2024-02-14 14:33:00,92.178,-6.828000000000003,SL Hit,31
2024-02-14 14:33:00,21800CE,21300PE,95.7,2024-02-14 14:38:00,103.35600000000001,-7.656000000000006,SL Hit,31
2024-02-14 14:38:00,21800CE,21300PE,104.10000000000001,2024-02-14 14:51:00,112.42800000000001,-8.328000000000003,SL Hit,31
2024-02-14 14:51:00,21800CE,21300PE,113.7,2024-02-14 14:58:00,122.796,-9.096000000000004,SL Hit,31
2024-02-14 14:58:00,21800CE,21300PE,131.3,2024-02-14 15:00:00,141.80400000000003,-10.504000000000019,SL Hit,31
2024-02-14 15:00:00,21800CE,21300PE,150.4,2024-02-14 15:25:00,122.5,27.900000000000006,Time Exit,31
2024-02-15 09:20:00,22000CE,21800PE,53.15,2024-02-15 09:39:00,57.402,-4.2520000000000024,SL Hit,32
2024-02-15 09:39:00,22000CE,21800PE,60.35,2024-02-15 15:25:00,0.1,60.25,Time Exit,32
2024-02-16 09:20:00,22400CE,21550PE,62.95,2024-02-16 10:07:00,67.986,-5.036000000000001,SL Hit,33
2024-02-16 10:07:00,22400CE,21550PE,68.55,2024-02-16 10:14:00,74.034,-5.484000000000009,SL Hit,33
2024-02-16 10:14:00,22400CE,21550PE,74.44999999999999,2024-02-16 15:25:00,58.25,16.19999999999999,Time Exit,33
2024-02-19 09:20:00,22450CE,21600PE,46.95,2024-02-19 11:14:00,50.706,-3.7560000000000002,SL Hit,34
2024-02-19 11:14:00,22450CE,21600PE,51.0,2024-02-19 12:43:00,55.080000000000005,-4.080000000000005,SL Hit,34
2024-02-19 12:43:00,22450CE,21600PE,55.099999999999994,2024-02-19 15:25:00,39.0,16.099999999999994,Time Exit,34
2024-02-20 09:20:00,22350CE,21700PE,55.7,2024-02-20 09:43:00,60.156000000000006,-4.456000000000003,SL Hit,35
2024-02-20 09:43:00,22350CE,21700PE,60.85,2024-02-20 15:25:00,56.35,4.5,Time Exit,35
2024-02-21 09:20:00,22400CE,21950PE,56.0,2024-02-21 14:39:00,60.480000000000004,-4.480000000000004,SL Hit,36
2024-02-21 14:39:00,22400CE,21950PE,64.2,2024-02-21 14:42:00,69.33600000000001,-5.13600000000001,SL Hit,36
2024-02-21 14:42:00,22400CE,21950PE,69.4,2024-02-21 15:25:00,58.75,10.650000000000006,Time Exit,36
2024-02-22 09:20:00,22150CE,21950PE,55.3,2024-02-22 09:28:00,59.724000000000004,-4.424000000000007,SL Hit,37
2024-02-22 09:28:00,22150CE,21950PE,60.150000000000006,2024-02-22 09:29:00,64.96200000000002,-4.812000000000012,SL Hit,37
2024-02-22 09:29:00,22150CE,21950PE,67.3,2024-02-22 09:31:00,72.684,-5.384,SL Hit,37
2024-02-22 09:31:00,22150CE,21950PE,73.9,2024-02-22 09:34:00,79.81200000000001,-5.912000000000006,SL Hit,37
2024-02-22 09:34:00,22150CE,21950PE,82.39999999999999,2024-02-22 09:59:00,88.99199999999999,-6.591999999999999,SL Hit,37
2024-02-22 09:59:00,22150CE,21950PE,90.69999999999999,2024-02-22 10:00:00,97.95599999999999,-7.256,SL Hit,37
2024-02-22 10:00:00,22150CE,21950PE,101.5,2024-02-22 10:05:00,121.8,-20.299999999999997,Intra SL Hit,37
2024-02-23 09:20:00,22700CE,21750PE,52.8,2024-02-23 15:25:00,36.25,16.549999999999997,Time Exit,38
2024-02-26 09:20:00,22550CE,21750PE,50.1,2024-02-26 09:57:00,54.108000000000004,-4.008000000000003,SL Hit,39
2024-02-26 09:57:00,22550CE,21750PE,54.25,2024-02-26 15:25:00,38.849999999999994,15.400000000000006,Time Exit,39
2024-02-27 09:20:00,22400CE,21750PE,55.0,2024-02-27 09:26:00,59.400000000000006,-4.400000000000006,SL Hit,40
2024-02-27 09:26:00,22400CE,21750PE,59.9,2024-02-27 15:25:00,38.650000000000006,21.249999999999993,Time Exit,40
2024-02-28 09:20:00,22400CE,21950PE,50.849999999999994,2024-02-28 10:53:00,54.918,-4.068000000000005,SL Hit,41
2024-02-28 10:53:00,22400CE,21950PE,55.0,2024-02-28 10:57:00,59.400000000000006,-4.400000000000006,SL Hit,41
2024-02-28 10:57:00,22400CE,21950PE,61.699999999999996,2024-02-28 10:59:00,66.636,-4.936,SL Hit,41
2024-02-28 10:59:00,22400CE,21950PE,69.3,2024-02-28 11:00:00,83.16,-13.86,Intra SL Hit,41
2024-02-29 09:20:00,22100CE,21750PE,44.0,2024-02-29 10:13:00,52.8,-8.799999999999997,Intra SL Hit,42
2024-03-01 09:20:00,22550CE,21650PE,59.8,2024-03-01 09:43:00,64.584,-4.784000000000006,SL Hit,43
2024-03-01 09:43:00,22550CE,21650PE,64.6,2024-03-01 10:28:00,69.768,-5.168000000000006,SL Hit,43
2024-03-01 10:28:00,22550CE,21650PE,70.75,2024-03-01 11:22:00,76.41000000000001,-5.660000000000011,SL Hit,43
2024-03-01 11:22:00,22550CE,21650PE,77.45,2024-03-01 11:37:00,83.64600000000002,-6.196000000000012,SL Hit,43
2024-03-01 11:37:00,22550CE,21650PE,88.85,2024-03-01 11:46:00,95.958,-7.108000000000004,SL Hit,43
2024-03-01 11:46:00,22550CE,21650PE,96.1,2024-03-01 15:25:00,83.65,12.449999999999989,Time Exit,43
2024-03-04 09:20:00,22750CE,22000PE,54.55,2024-03-04 15:25:00,37.75,16.799999999999997,Time Exit,44
2024-03-05 09:20:00,22600CE,22050PE,57.65,2024-03-05 15:25:00,31.25,26.4,Time Exit,45
2024-03-06 09:20:00,22500CE,22100PE,47.75,2024-03-06 09:44:00,51.57,-3.8200000000000003,SL Hit,46
2024-03-06 09:44:00,22500CE,22100PE,54.400000000000006,2024-03-06 14:30:00,58.75200000000001,-4.352000000000004,SL Hit,46
2024-03-06 14:30:00,22500CE,22100PE,60.05,2024-03-06 14:32:00,64.854,-4.804000000000002,SL Hit,46
2024-03-06 14:32:00,22500CE,22100PE,67.45,2024-03-06 14:34:00,72.846,-5.396000000000001,SL Hit,46
2024-03-06 14:34:00,22500CE,22100PE,73.39999999999999,2024-03-06 14:38:00,79.27199999999999,-5.872,SL Hit,46
2024-03-06 14:38:00,22500CE,22100PE,79.95,2024-03-06 14:40:00,86.346,-6.396000000000001,SL Hit,46
2024-03-06 14:40:00,22500CE,22100PE,86.35,2024-03-06 15:25:00,71.85,14.5,Time Exit,46
2024-03-07 09:20:00,22550CE,22400PE,55.75,2024-03-07 15:25:00,0.1,55.65,Time Exit,47
2024-03-11 09:20:00,22800CE,22100PE,49.9,2024-03-11 15:25:00,41.800000000000004,8.099999999999994,Time Exit,48
2024-03-12 09:20:00,22600CE,22150PE,66.35,2024-03-12 09:36:00,71.658,-5.308000000000007,SL Hit,49
2024-03-12 09:36:00,22600CE,22150PE,75.55,2024-03-12 15:25:00,50.55,25.0,Time Exit,49
2024-03-13 09:20:00,22550CE,22200PE,62.25,2024-03-13 09:33:00,67.23,-4.980000000000004,SL Hit,50
2024-03-13 09:33:00,22550CE,22200PE,68.30000000000001,2024-03-13 11:05:00,73.76400000000002,-5.464000000000013,SL Hit,50
2024-03-13 11:05:00,22550CE,22200PE,78.4,2024-03-13 11:23:00,84.67200000000001,-6.272000000000006,SL Hit,50
2024-03-13 11:23:00,22550CE,22200PE,91.45,2024-03-13 11:25:00,98.766,-7.3160000000000025,SL Hit,50
2024-03-13 11:25:00,22550CE,22200PE,100.25,2024-03-13 11:30:00,108.27000000000001,-8.02000000000001,SL Hit,50
2024-03-13 11:30:00,22550CE,22200PE,116.6,2024-03-13 11:40:00,125.928,-9.328000000000003,SL Hit,50
2024-03-13 11:40:00,22550CE,22200PE,126.0,2024-03-13 11:48:00,136.08,-10.080000000000013,SL Hit,50
2024-03-13 11:48:00,22550CE,22200PE,136.9,2024-03-13 11:52:00,147.852,-10.951999999999998,SL Hit,50
2024-03-13 11:52:00,22550CE,22200PE,158.7,2024-03-13 12:14:00,171.396,-12.695999999999998,SL Hit,50
2024-03-13 12:14:00,22550CE,22200PE,174.6,2024-03-13 12:19:00,188.568,-13.968000000000018,SL Hit,50
2024-03-13 12:19:00,22550CE,22200PE,189.6,2024-03-13 12:25:00,204.768,-15.168000000000006,SL Hit,50
2024-03-13 12:25:00,22550CE,22200PE,213.65,2024-03-13 14:12:00,230.74200000000002,-17.092000000000013,SL Hit,50
2024-03-13 14:12:00,22550CE,22200PE,237.0,2024-03-13 14:18:00,255.96,-18.960000000000008,SL Hit,50
2024-03-13 14:18:00,22550CE,22200PE,278.35,2024-03-13 14:40:00,300.61800000000005,-22.26800000000003,SL Hit,50
2024-03-13 14:40:00,22550CE,22200PE,304.20000000000005,2024-03-13 15:25:00,273.25,30.950000000000045,Time Exit,50
2024-03-14 09:20:00,22100CE,21800PE,48.75,2024-03-14 09:24:00,52.650000000000006,-3.9000000000000057,SL Hit,51
2024-03-14 09:24:00,22100CE,21800PE,53.65,2024-03-14 09:26:00,57.942,-4.292000000000002,SL Hit,51
2024-03-14 09:26:00,22100CE,21800PE,59.65,2024-03-14 11:33:00,71.58,-11.93,Intra SL Hit,51
2024-03-15 09:20:00,22500CE,21650PE,57.65,2024-03-15 09:35:00,62.262,-4.612000000000002,SL Hit,52
2024-03-15 09:35:00,22500CE,21650PE,63.099999999999994,2024-03-15 09:39:00,68.148,-5.048000000000002,SL Hit,52
2024-03-15 09:39:00,22500CE,21650PE,68.30000000000001,2024-03-15 10:34:00,73.76400000000002,-5.464000000000013,SL Hit,52
2024-03-15 10:34:00,22500CE,21650PE,74.05,2024-03-15 15:25:00,41.25,32.8,Time Exit,52
2024-03-18 09:20:00,22400CE,21600PE,49.55,2024-03-18 09:36:00,53.514,-3.9640000000000057,SL Hit,53
2024-03-18 09:36:00,22400CE,21600PE,56.05,2024-03-18 15:25:00,29.45,26.599999999999998,Time Exit,53
2024-03-19 09:20:00,22250CE,21650PE,57.15,2024-03-19 09:30:00,61.722,-4.572000000000003,SL Hit,54
2024-03-19 09:30:00,22250CE,21650PE,62.05,2024-03-19 10:22:00,67.014,-4.963999999999999,SL Hit,54
2024-03-19 10:22:00,22250CE,21650PE,67.15,2024-03-19 15:25:00,47.85,19.300000000000004,Time Exit,54
2024-03-20 09:20:00,22100CE,21650PE,48.7,2024-03-20 09:31:00,52.596000000000004,-3.896000000000001,SL Hit,55
2024-03-20 09:31:00,22100CE,21650PE,52.849999999999994,2024-03-20 10:11:00,57.077999999999996,-4.2280000000000015,SL Hit,55
2024-03-20 10:11:00,22100CE,21650PE,61.85,2024-03-20 10:47:00,66.798,-4.948,SL Hit,55
2024-03-20 10:47:00,22100CE,21650PE,67.7,2024-03-20 15:25:00,23.5,44.2,Time Exit,55
2024-03-21 09:20:00,22050CE,21950PE,63.4,2024-03-21 15:25:00,0.1,63.3,Time Exit,56
2024-03-22 09:20:00,22350CE,21600PE,44.85,2024-03-22 09:25:00,48.438,-3.588000000000001,SL Hit,57
2024-03-22 09:25:00,22350CE,21600PE,48.849999999999994,2024-03-22 09:26:00,52.757999999999996,-3.9080000000000013,SL Hit,57
2024-03-22 09:26:00,22350CE,21600PE,53.0,2024-03-22 09:30:00,57.24,-4.240000000000002,SL Hit,57
2024-03-22 09:30:00,22350CE,21600PE,57.7,2024-03-22 10:19:00,62.31600000000001,-4.616000000000007,SL Hit,57
2024-03-22 10:19:00,22350CE,21600PE,65.7,2024-03-22 11:40:00,70.956,-5.256,SL Hit,57
2024-03-22 11:40:00,22350CE,21600PE,71.0,2024-03-22 14:17:00,76.68,-5.680000000000007,SL Hit,57
2024-03-22 14:17:00,22350CE,21600PE,79.89999999999999,2024-03-22 15:25:00,48.7,31.19999999999999,Time Exit,57
2024-03-26 09:20:00,22350CE,21750PE,50.75,2024-03-26 15:25:00,25.45,25.3,Time Exit,58
2024-03-27 09:20:00,22250CE,21900PE,51.0,2024-03-27 09:29:00,55.080000000000005,-4.080000000000005,SL Hit,59
2024-03-27 09:29:00,22250CE,21900PE,55.3,2024-03-27 09:34:00,59.724000000000004,-4.424000000000007,SL Hit,59
2024-03-27 09:34:00,22250CE,21900PE,61.65,2024-03-27 10:04:00,66.58200000000001,-4.932000000000009,SL Hit,59
2024-03-27 10:04:00,22250CE,21900PE,67.25,2024-03-27 15:25:00,32.55,34.7,Time Exit,59
2024-03-28 09:20:00,22250CE,22150PE,57.5,2024-03-28 09:22:00,62.1,-4.600000000000001,SL Hit,60
2024-03-28 09:22:00,22250CE,22150PE,64.7,2024-03-28 09:42:00,69.876,-5.176000000000002,SL Hit,60
2024-03-28 09:42:00,22250CE,22150PE,73.6,2024-03-28 09:44:00,79.488,-5.888000000000005,SL Hit,60
2024-03-28 09:44:00,22250CE,22150PE,80.39999999999999,2024-03-28 09:48:00,96.47999999999999,-16.08,Intra SL Hit,60
2024-04-01 09:20:00,22850CE,22100PE,46.75,2024-04-01 15:25:00,23.15,23.6,Time Exit,61
2024-04-02 09:20:00,22650CE,22150PE,49.1,2024-04-02 09:32:00,58.92,-9.82,Intra SL Hit,62
2024-04-03 09:20:00,22500CE,22200PE,52.849999999999994,2024-04-03 10:05:00,57.077999999999996,-4.2280000000000015,SL Hit,63
2024-04-03 10:05:00,22500CE,22200PE,58.7,2024-04-03 12:15:00,63.39600000000001,-4.696000000000005,SL Hit,63
2024-04-03 12:15:00,22500CE,22200PE,67.15,2024-04-03 12:44:00,72.522,-5.372,SL Hit,63
2024-04-03 12:44:00,22500CE,22200PE,74.95,2024-04-03 12:46:00,80.94600000000001,-5.996000000000009,SL Hit,63
2024-04-03 12:46:00,22500CE,22200PE,85.69999999999999,2024-04-03 12:51:00,92.556,-6.856000000000009,SL Hit,63
2024-04-03 12:51:00,22500CE,22200PE,93.30000000000001,2024-04-03 15:25:00,40.25,53.05000000000001,Time Exit,63
2024-04-04 09:20:00,22600CE,22500PE,62.150000000000006,2024-04-04 09:21:00,74.58,-12.429999999999993,Intra SL Hit,64
2024-04-05 09:20:00,22750CE,22050PE,57.5,2024-04-05 09:25:00,62.1,-4.600000000000001,SL Hit,65
2024-04-05 09:25:00,22750CE,22050PE,62.7,2024-04-05 15:25:00,47.15,15.550000000000004,Time Exit,65
2024-04-08 09:20:00,22800CE,22250PE,45.849999999999994,2024-04-08 09:38:00,49.517999999999994,-3.6679999999999993,SL Hit,66
2024-04-08 09:38:00,22800CE,22250PE,51.85,2024-04-08 13:04:00,55.998000000000005,-4.148000000000003,SL Hit,66
2024-04-08 13:04:00,22800CE,22250PE,58.050000000000004,2024-04-08 15:25:00,46.050000000000004,12.0,Time Exit,66
2024-04-09 09:20:00,22850CE,22500PE,48.05,2024-04-09 15:25:00,25.950000000000003,22.099999999999994,Time Exit,67
2024-04-10 09:20:00,22750CE,22600PE,53.75,2024-04-10 15:25:00,4.1,49.65,Time Exit,68
2024-04-12 09:20:00,23000CE,22350PE,55.7,2024-04-12 15:25:00,51.95,3.75,Time Exit,69
2024-04-15 09:20:00,22700CE,22000PE,51.5,2024-04-15 15:25:00,33.8,17.700000000000003,Time Exit,70
2024-04-16 09:20:00,22350CE,21900PE,54.3,2024-04-16 15:25:00,33.25,21.049999999999997,Time Exit,71
2024-04-18 09:20:00,22300CE,22200PE,50.0,2024-04-18 09:30:00,60.0,-10.0,Intra SL Hit,72
2024-04-19 09:20:00,22300CE,21050PE,53.2,2024-04-19 12:22:00,57.45600000000001,-4.256000000000007,SL Hit,73
2024-04-19 12:22:00,22300CE,21050PE,57.95,2024-04-19 12:26:00,62.586000000000006,-4.636000000000003,SL Hit,73
2024-04-19 12:26:00,22300CE,21050PE,62.75,2024-04-19 12:38:00,67.77000000000001,-5.02000000000001,SL Hit,73
2024-04-19 12:38:00,22300CE,21050PE,67.95,2024-04-19 12:43:00,73.38600000000001,-5.436000000000007,SL Hit,73
2024-04-19 12:43:00,22300CE,21050PE,73.7,2024-04-19 13:06:00,79.596,-5.896000000000001,SL Hit,73
2024-04-19 13:06:00,22300CE,21050PE,79.85,2024-04-19 13:50:00,86.238,-6.388000000000005,SL Hit,73
2024-04-19 13:50:00,22300CE,21050PE,86.65,2024-04-19 13:56:00,93.58200000000001,-6.932000000000002,SL Hit,73
2024-04-19 13:56:00,22300CE,21050PE,96.75,2024-04-19 14:08:00,104.49000000000001,-7.740000000000009,SL Hit,73
2024-04-19 14:08:00,22300CE,21050PE,105.10000000000001,2024-04-19 15:25:00,82.75,22.35000000000001,Time Exit,73
2024-04-22 09:20:00,22550CE,21850PE,50.6,2024-04-22 09:29:00,54.648,-4.048000000000002,SL Hit,74
2024-04-22 09:29:00,22550CE,21850PE,54.849999999999994,2024-04-22 15:25:00,53.35,1.499999999999993,Time Exit,74
2024-04-23 09:20:00,22600CE,22100PE,50.05,2024-04-23 15:25:00,32.1,17.949999999999996,Time Exit,75
2024-04-24 09:20:00,22550CE,22250PE,50.7,2024-04-24 10:41:00,54.75600000000001,-4.0560000000000045,SL Hit,76
2024-04-24 10:41:00,22550CE,22250PE,56.15,2024-04-24 15:25:00,26.1,30.049999999999997,Time Exit,76
2024-04-25 09:20:00,22400CE,22250PE,51.1,2024-04-25 09:34:00,61.32,-10.219999999999999,Intra SL Hit,77
2024-04-26 09:20:00,22900CE,22150PE,47.95,2024-04-26 09:27:00,51.78600000000001,-3.8360000000000056,SL Hit,78
2024-04-26 09:27:00,22900CE,22150PE,52.35,2024-04-26 10:07:00,56.538000000000004,-4.188000000000002,SL Hit,78
2024-04-26 10:07:00,22900CE,22150PE,56.7,2024-04-26 15:25:00,43.5,13.200000000000003,Time Exit,78
2024-04-29 09:20:00,22800CE,22250PE,53.599999999999994,2024-04-29 09:49:00,57.888,-4.288000000000004,SL Hit,79
2024-04-29 09:49:00,22800CE,22250PE,58.05,2024-04-29 15:25:00,53.5,4.549999999999997,Time Exit,79
2024-04-30 09:20:00,22850CE,22400PE,47.25,2024-04-30 09:39:00,51.03,-3.780000000000001,SL Hit,80
2024-04-30 09:39:00,22850CE,22400PE,53.45,2024-04-30 09:52:00,57.726000000000006,-4.276000000000003,SL Hit,80
2024-04-30 09:52:00,22850CE,22400PE,59.5,2024-04-30 15:25:00,28.0,31.5,Time Exit,80
2024-05-02 09:20:00,22750CE,22550PE,55.95,2024-05-02 15:25:00,0.15000000000000002,55.800000000000004,Time Exit,81
2024-05-03 09:20:00,23100CE,22400PE,56.35,2024-05-03 10:10:00,60.858000000000004,-4.508000000000003,SL Hit,82
2024-05-03 10:10:00,23100CE,22400PE,62.35,2024-05-03 10:21:00,67.33800000000001,-4.988000000000007,SL Hit,82
2024-05-03 10:21:00,23100CE,22400PE,69.35,2024-05-03 10:25:00,74.898,-5.548000000000002,SL Hit,82
2024-05-03 10:25:00,23100CE,22400PE,74.9,2024-05-03 11:17:00,80.89200000000001,-5.992000000000004,SL Hit,82
2024-05-03 11:17:00,23100CE,22400PE,81.6,2024-05-03 11:20:00,88.128,-6.528000000000006,SL Hit,82
2024-05-03 11:20:00,23100CE,22400PE,88.94999999999999,2024-05-03 11:22:00,96.06599999999999,-7.116,SL Hit,82
2024-05-03 11:22:00,23100CE,22400PE,99.0,2024-05-03 11:31:00,106.92,-7.920000000000002,SL Hit,82
2024-05-03 11:31:00,23100CE,22400PE,111.5,2024-05-03 11:36:00,120.42,-8.920000000000002,SL Hit,82
2024-05-03 11:36:00,23100CE,22400PE,126.15,2024-05-03 12:57:00,136.24200000000002,-10.092000000000013,SL Hit,82
2024-05-03 12:57:00,23100CE,22400PE,140.29999999999998,2024-05-03 13:37:00,151.524,-11.224000000000018,SL Hit,82
2024-05-03 13:37:00,23100CE,22400PE,151.64999999999998,2024-05-03 13:51:00,163.78199999999998,-12.132000000000005,SL Hit,82
2024-05-03 13:51:00,23100CE,22400PE,169.3,2024-05-03 15:25:00,104.75,64.55000000000001,Time Exit,82
2024-05-06 09:20:00,22900CE,22150PE,52.099999999999994,2024-05-06 09:39:00,56.268,-4.168000000000006,SL Hit,83
2024-05-06 09:39:00,22900CE,22150PE,58.2,2024-05-06 09:41:00,62.85600000000001,-4.656000000000006,SL Hit,83
2024-05-06 09:41:00,22900CE,22150PE,65.55,2024-05-06 15:25:00,39.7,25.849999999999994,Time Exit,83
2024-05-07 09:20:00,22750CE,22150PE,58.650000000000006,2024-05-07 10:34:00,63.34200000000001,-4.692000000000007,SL Hit,84
2024-05-07 10:34:00,22750CE,22150PE,64.2,2024-05-07 10:52:00,69.33600000000001,-5.13600000000001,SL Hit,84
2024-05-07 10:52:00,22750CE,22150PE,69.55,2024-05-07 11:23:00,75.114,-5.564000000000007,SL Hit,84
2024-05-07 11:23:00,22750CE,22150PE,75.2,2024-05-07 11:26:00,81.21600000000001,-6.016000000000005,SL Hit,84
2024-05-07 11:26:00,22750CE,22150PE,81.64999999999999,2024-05-07 11:37:00,88.182,-6.532000000000011,SL Hit,84
2024-05-07 11:37:00,22750CE,22150PE,92.5,2024-05-07 15:25:00,55.35,37.15,Time Exit,84
2024-05-08 09:20:00,22500CE,22000PE,51.599999999999994,2024-05-08 12:21:00,55.727999999999994,-4.128,SL Hit,85
2024-05-08 12:21:00,22500CE,22000PE,56.55,2024-05-08 15:25:00,19.6,36.949999999999996,Time Exit,85
2024-05-09 09:20:00,22400CE,22150PE,55.25,2024-05-09 09:25:00,59.67,-4.420000000000002,SL Hit,86
2024-05-09 09:25:00,22400CE,22150PE,59.8,2024-05-09 09:29:00,64.584,-4.784000000000006,SL Hit,86
2024-05-09 09:29:00,22400CE,22150PE,66.25,2024-05-09 10:12:00,71.55000000000001,-5.300000000000011,SL Hit,86
2024-05-09 10:12:00,22400CE,22150PE,73.95,2024-05-09 10:25:00,79.86600000000001,-5.916000000000011,SL Hit,86
2024-05-09 10:25:00,22400CE,22150PE,83.14999999999999,2024-05-09 12:47:00,99.77999999999999,-16.629999999999995,Intra SL Hit,86
2024-05-10 09:20:00,22500CE,21350PE,47.35,2024-05-10 09:54:00,51.138000000000005,-3.788000000000004,SL Hit,87
2024-05-10 09:54:00,22500CE,21350PE,51.2,2024-05-10 15:25:00,28.85,22.35,Time Exit,87
2024-05-13 09:20:00,22350CE,21550PE,62.0,2024-05-13 15:25:00,47.400000000000006,14.599999999999994,Time Exit,88
2024-05-14 09:20:00,22400CE,21850PE,61.25,2024-05-14 09:28:00,66.15,-4.900000000000006,SL Hit,89
2024-05-14 09:28:00,22400CE,21850PE,66.65,2024-05-14 15:25:00,42.9,23.750000000000007,Time Exit,89
2024-05-15 09:20:00,22450CE,22000PE,45.1,2024-05-15 10:07:00,48.708000000000006,-3.608000000000004,SL Hit,90
2024-05-15 10:07:00,22450CE,22000PE,50.25,2024-05-15 10:08:00,54.27,-4.020000000000003,SL Hit,90
2024-05-15 10:08:00,22450CE,22000PE,54.550000000000004,2024-05-15 15:25:00,20.2,34.35000000000001,Time Exit,90
2024-05-16 09:20:00,22350CE,22200PE,62.65,2024-05-16 09:21:00,67.662,-5.012000000000008,SL Hit,91
2024-05-16 09:21:00,22350CE,22200PE,68.6,2024-05-16 09:32:00,74.088,-5.4879999999999995,SL Hit,91
2024-05-16 09:32:00,22350CE,22200PE,75.45,2024-05-16 09:51:00,90.54,-15.090000000000003,Intra SL Hit,91
2024-05-17 09:20:00,22800CE,21850PE,50.3,2024-05-17 15:25:00,33.099999999999994,17.200000000000003,Time Exit,92
2024-05-21 09:20:00,22750CE,22150PE,60.8,2024-05-21 15:25:00,38.3,22.5,Time Exit,93
2024-05-22 09:20:00,22700CE,22350PE,67.25,2024-05-22 09:45:00,72.63000000000001,-5.38000000000001,SL Hit,94
2024-05-22 09:45:00,22700CE,22350PE,73.3,2024-05-22 15:25:00,46.25,27.049999999999997,Time Exit,94
2024-05-23 09:20:00,22700CE,22500PE,59.75,2024-05-23 09:28:00,64.53,-4.780000000000001,SL Hit,95
2024-05-23 09:28:00,22700CE,22500PE,65.15,2024-05-23 09:34:00,70.36200000000001,-5.212000000000003,SL Hit,95
2024-05-23 09:34:00,22700CE,22500PE,71.05000000000001,2024-05-23 09:36:00,76.73400000000002,-5.684000000000012,SL Hit,95
2024-05-23 09:36:00,22700CE,22500PE,76.75,2024-05-23 09:40:00,82.89,-6.140000000000001,SL Hit,95
2024-05-23 09:40:00,22700CE,22500PE,90.19999999999999,2024-05-23 10:21:00,97.416,-7.216000000000008,SL Hit,95
2024-05-23 10:21:00,22700CE,22500PE,97.64999999999999,2024-05-23 11:57:00,117.17999999999998,-19.529999999999987,Intra SL Hit,95
2024-05-24 09:20:00,23450CE,22400PE,59.5,2024-05-24 09:31:00,64.26,-4.760000000000005,SL Hit,96
2024-05-24 09:31:00,23450CE,22400PE,65.55,2024-05-24 15:25:00,38.05,27.5,Time Exit,96
2024-05-27 09:20:00,23400CE,22600PE,57.05,2024-05-27 12:25:00,61.614000000000004,-4.564000000000007,SL Hit,97
2024-05-27 12:25:00,23400CE,22600PE,63.599999999999994,2024-05-27 15:25:00,45.349999999999994,18.25,Time Exit,97
2024-05-28 09:20:00,23300CE,22600PE,54.8,2024-05-28 15:25:00,34.6,20.199999999999996,Time Exit,98
2024-05-29 09:20:00,23050CE,22550PE,55.099999999999994,2024-05-29 15:25:00,32.85,22.249999999999993,Time Exit,99
2024-05-30 09:20:00,22850CE,22500PE,54.6,2024-05-30 09:28:00,58.968,-4.368000000000002,SL Hit,100
2024-05-30 09:28:00,22850CE,22500PE,59.65,2024-05-30 14:58:00,64.422,-4.7719999999999985,SL Hit,100
2024-05-30 14:58:00,22850CE,22500PE,66.60000000000001,2024-05-30 14:59:00,79.92,-13.319999999999993,Intra SL Hit,100
2024-05-31 09:20:00,24100CE,21750PE,50.5,2024-05-31 10:00:00,54.540000000000006,-4.040000000000006,SL Hit,101
2024-05-31 10:00:00,24100CE,21750PE,55.5,2024-05-31 14:15:00,59.940000000000005,-4.440000000000005,SL Hit,101
2024-05-31 14:15:00,24100CE,21750PE,61.85,2024-05-31 15:25:00,61.85,0.0,Time Exit,101
2024-06-03 09:20:00,24650CE,21400PE,66.9,2024-06-03 09:21:00,80.28,-13.379999999999995,Intra SL Hit,102
2024-06-04 09:20:00,24700CE,21000PE,62.050000000000004,2024-06-04 09:21:00,67.01400000000001,-4.964000000000006,SL Hit,103
2024-06-04 09:21:00,24700CE,21000PE,67.7,2024-06-04 09:22:00,73.11600000000001,-5.416000000000011,SL Hit,103
2024-06-04 09:22:00,24700CE,21000PE,76.8,2024-06-04 09:23:00,92.16,-15.36,Intra SL Hit,103
2024-06-05 09:20:00,22650CE,20600PE,44.75,2024-06-05 11:09:00,48.330000000000005,-3.5800000000000054,SL Hit,104
2024-06-05 11:09:00,22650CE,20600PE,50.9,2024-06-05 11:10:00,54.972,-4.072000000000003,SL Hit,104
2024-06-05 11:10:00,22650CE,20600PE,60.9,2024-06-05 11:11:00,73.08,-12.18,Intra SL Hit,104
2024-06-06 09:20:00,23850CE,22300PE,52.45,2024-06-06 15:25:00,23.6,28.85,Time Exit,105
2024-06-07 09:20:00,23600CE,21900PE,50.15,2024-06-07 09:22:00,54.162,-4.0120000000000005,SL Hit,106
2024-06-07 09:22:00,23600CE,21900PE,58.349999999999994,2024-06-07 11:36:00,63.018,-4.668000000000006,SL Hit,106
2024-06-07 11:36:00,23600CE,21900PE,63.45,2024-06-07 11:46:00,68.52600000000001,-5.076000000000008,SL Hit,106
2024-06-07 11:46:00,23600CE,21900PE,69.85,2024-06-07 11:50:00,75.438,-5.588000000000008,SL Hit,106
2024-06-07 11:50:00,23600CE,21900PE,79.95,2024-06-07 11:52:00,95.94,-15.989999999999995,Intra SL Hit,106
2024-06-10 09:20:00,24000CE,22600PE,54.2,2024-06-10 15:25:00,29.450000000000003,24.75,Time Exit,107
2024-06-11 09:20:00,23650CE,22800PE,62.2,2024-06-11 15:25:00,22.45,39.75,Time Exit,108
2024-06-12 09:20:00,23500CE,23100PE,62.349999999999994,2024-06-12 09:40:00,67.338,-4.9879999999999995,SL Hit,109
2024-06-12 09:40:00,23500CE,23100PE,72.05000000000001,2024-06-12 09:57:00,77.81400000000002,-5.76400000000001,SL Hit,109
2024-06-12 09:57:00,23500CE,23100PE,78.4,2024-06-12 10:03:00,84.67200000000001,-6.272000000000006,SL Hit,109
2024-06-12 10:03:00,23500CE,23100PE,85.75,2024-06-12 15:25:00,44.75,41.0,Time Exit,109
2024-06-13 09:20:00,23500CE,23350PE,66.35,2024-06-13 15:25:00,0.1,66.25,Time Exit,110
2024-06-14 09:20:00,23700CE,23050PE,63.25,2024-06-14 09:23:00,68.31,-5.060000000000002,SL Hit,111
2024-06-14 09:23:00,23700CE,23050PE,69.19999999999999,2024-06-14 15:25:00,46.2,22.999999999999986,Time Exit,111
2024-06-18 09:20:00,23750CE,23300PE,51.900000000000006,2024-06-18 15:25:00,39.35,12.550000000000004,Time Exit,112
2024-06-19 09:20:00,23700CE,23450PE,66.95,2024-06-19 09:30:00,72.30600000000001,-5.356000000000009,SL Hit,113
2024-06-19 09:30:00,23700CE,23450PE,79.25,2024-06-19 10:15:00,85.59,-6.340000000000003,SL Hit,113
2024-06-19 10:15:00,23700CE,23450PE,94.25,2024-06-19 10:24:00,101.79,-7.540000000000006,SL Hit,113
2024-06-19 10:24:00,23700CE,23450PE,108.2,2024-06-19 10:25:00,116.85600000000001,-8.656000000000006,SL Hit,113
2024-06-19 10:25:00,23700CE,23450PE,119.3,2024-06-19 15:25:00,66.8,52.5,Time Exit,113
2024-06-20 09:20:00,23600CE,23350PE,68.19999999999999,2024-06-20 09:23:00,73.65599999999999,-5.456000000000003,SL Hit,114
2024-06-20 09:23:00,23600CE,23350PE,74.85,2024-06-20 15:25:00,0.1,74.75,Time Exit,114
2024-06-21 09:20:00,23950CE,23150PE,49.85,2024-06-21 13:02:00,53.83800000000001,-3.9880000000000067,SL Hit,115
2024-06-21 13:02:00,23950CE,23150PE,57.650000000000006,2024-06-21 15:25:00,42.599999999999994,15.050000000000011,Time Exit,115
2024-06-24 09:20:00,23700CE,23050PE,58.6,2024-06-24 10:47:00,63.288000000000004,-4.688000000000002,SL Hit,116
2024-06-24 10:47:00,23700CE,23050PE,64.55,2024-06-24 11:06:00,69.714,-5.1640000000000015,SL Hit,116
2024-06-24 11:06:00,23700CE,23050PE,72.85,2024-06-24 11:18:00,78.678,-5.828000000000003,SL Hit,116
2024-06-24 11:18:00,23700CE,23050PE,80.39999999999999,2024-06-24 15:25:00,65.2,15.199999999999989,Time Exit,116
2024-06-25 09:20:00,23800CE,23300PE,58.45,2024-06-25 12:38:00,63.126000000000005,-4.676000000000002,SL Hit,117
2024-06-25 12:38:00,23800CE,23300PE,64.0,2024-06-25 13:00:00,69.12,-5.1200000000000045,SL Hit,117
2024-06-25 13:00:00,23800CE,23300PE,74.2,2024-06-25 13:15:00,80.13600000000001,-5.936000000000007,SL Hit,117
2024-06-25 13:15:00,23800CE,23300PE,80.35,2024-06-25 13:18:00,86.778,-6.4280000000000115,SL Hit,117
2024-06-25 13:18:00,23800CE,23300PE,88.19999999999999,2024-06-25 15:25:00,80.44999999999999,7.75,Time Exit,117
2024-06-26 09:20:00,23900CE,23450PE,53.599999999999994,2024-06-26 11:00:00,57.888,-4.288000000000004,SL Hit,118
2024-06-26 11:00:00,23900CE,23450PE,58.15,2024-06-26 11:30:00,62.802,-4.652000000000001,SL Hit,118
2024-06-26 11:30:00,23900CE,23450PE,64.45,2024-06-26 11:33:00,69.60600000000001,-5.156000000000006,SL Hit,118
2024-06-26 11:33:00,23900CE,23450PE,74.8,2024-06-26 11:34:00,80.784,-5.984000000000009,SL Hit,118
2024-06-26 11:34:00,23900CE,23450PE,85.85,2024-06-26 15:25:00,62.6,23.249999999999993,Time Exit,118
2024-06-27 09:20:00,23950CE,23750PE,69.35,2024-06-27 10:02:00,74.898,-5.548000000000002,SL Hit,119
2024-06-27 10:02:00,23950CE,23750PE,76.75,2024-06-27 10:06:00,82.89,-6.140000000000001,SL Hit,119
2024-06-27 10:06:00,23950CE,23750PE,85.95,2024-06-27 12:12:00,103.14,-17.189999999999998,Intra SL Hit,119
2024-06-28 09:20:00,24500CE,23500PE,55.2,2024-06-28 09:38:00,59.61600000000001,-4.416000000000004,SL Hit,120
2024-06-28 09:38:00,24500CE,23500PE,62.449999999999996,2024-06-28 09:41:00,67.446,-4.996000000000002,SL Hit,120
2024-06-28 09:41:00,24500CE,23500PE,68.25,2024-06-28 15:25:00,39.3,28.950000000000003,Time Exit,120
2024-07-01 09:20:00,24350CE,23700PE,68.15,2024-07-01 09:25:00,73.60200000000002,-5.452000000000012,SL Hit,121
2024-07-01 09:25:00,24350CE,23700PE,73.65,2024-07-01 15:25:00,62.7,10.950000000000003,Time Exit,121
2024-07-02 09:20:00,24450CE,23850PE,50.75,2024-07-02 09:37:00,54.81,-4.060000000000002,SL Hit,122
2024-07-02 09:37:00,24450CE,23850PE,55.0,2024-07-02 09:45:00,59.400000000000006,-4.400000000000006,SL Hit,122
2024-07-02 09:45:00,24450CE,23850PE,62.05,2024-07-02 15:25:00,35.35,26.699999999999996,Time Exit,122
2024-07-03 09:20:00,24400CE,24000PE,51.2,2024-07-03 09:21:00,55.29600000000001,-4.096000000000004,SL Hit,123
2024-07-03 09:21:00,24400CE,24000PE,57.300000000000004,2024-07-03 09:44:00,61.88400000000001,-4.584000000000003,SL Hit,123
2024-07-03 09:44:00,24400CE,24000PE,63.55,2024-07-03 09:49:00,68.634,-5.084000000000003,SL Hit,123
2024-07-03 09:49:00,24400CE,24000PE,70.5,2024-07-03 15:25:00,41.349999999999994,29.150000000000006,Time Exit,123
2024-07-04 09:20:00,24400CE,24250PE,61.150000000000006,2024-07-04 15:25:00,0.15000000000000002,61.00000000000001,Time Exit,124
2024-07-05 09:20:00,24550CE,23800PE,51.5,2024-07-05 11:40:00,55.620000000000005,-4.1200000000000045,SL Hit,125
2024-07-05 11:40:00,24550CE,23800PE,56.5,2024-07-05 15:25:00,48.25,8.25,Time Exit,125
2024-07-08 09:20:00,24550CE,24050PE,63.75,2024-07-08 15:25:00,50.0,13.75,Time Exit,126
2024-07-09 09:20:00,24550CE,24150PE,57.4,2024-07-09 15:25:00,50.05,7.350000000000001,Time Exit,127
2024-07-10 09:20:00,24550CE,24250PE,56.7,2024-07-10 10:20:00,68.04,-11.340000000000003,Intra SL Hit,128
2024-07-11 09:20:00,24400CE,24300PE,62.05,2024-07-11 10:13:00,74.46,-12.409999999999997,Intra SL Hit,129
2024-07-12 09:20:00,24650CE,24100PE,61.5,2024-07-12 09:26:00,66.42,-4.920000000000002,SL Hit,130
2024-07-12 09:26:00,24650CE,24100PE,69.2,2024-07-12 10:58:00,83.04,-13.840000000000003,Intra SL Hit,130
2024-07-15 09:20:00,24800CE,24250PE,55.150000000000006,2024-07-15 15:25:00,40.75,14.400000000000006,Time Exit,131
2024-07-16 09:20:00,24750CE,24450PE,72.9,2024-07-16 15:25:00,36.85,36.050000000000004,Time Exit,132
2024-07-18 09:20:00,24600CE,24500PE,65.2,2024-07-18 09:47:00,70.41600000000001,-5.216000000000008,SL Hit,133
2024-07-18 09:47:00,24600CE,24500PE,79.05,2024-07-18 09:49:00,94.86,-15.810000000000002,Intra SL Hit,133
2024-07-19 09:20:00,25400CE,23850PE,56.75,2024-07-19 14:55:00,61.290000000000006,-4.540000000000006,SL Hit,134
2024-07-19 14:55:00,25400CE,23850PE,61.55,2024-07-19 15:25:00,60.35,1.1999999999999957,Time Exit,134
2024-07-22 09:20:00,25200CE,23550PE,50.75,2024-07-22 09:27:00,54.81,-4.060000000000002,SL Hit,135
2024-07-22 09:27:00,25200CE,23550PE,55.95,2024-07-22 15:25:00,56.3,-0.3499999999999943,Time Exit,135
2024-07-23 09:20:00,25200CE,23650PE,58.3,2024-07-23 09:24:00,62.964,-4.6640000000000015,SL Hit,136
2024-07-23 09:24:00,25200CE,23650PE,63.55,2024-07-23 09:31:00,68.634,-5.084000000000003,SL Hit,136
2024-07-23 09:31:00,25200CE,23650PE,69.30000000000001,2024-07-23 09:43:00,74.84400000000002,-5.544000000000011,SL Hit,136
2024-07-23 09:43:00,25200CE,23650PE,75.44999999999999,2024-07-23 12:23:00,81.48599999999999,-6.036000000000001,SL Hit,136
2024-07-23 12:23:00,25200CE,23650PE,81.85,2024-07-23 15:25:00,8.15,73.69999999999999,Time Exit,136
2024-07-24 09:20:00,24700CE,24200PE,56.55,2024-07-24 09:39:00,61.074,-4.524000000000001,SL Hit,137
2024-07-24 09:39:00,24700CE,24200PE,66.35,2024-07-24 12:16:00,71.658,-5.308000000000007,SL Hit,137
2024-07-24 12:16:00,24700CE,24200PE,72.45,2024-07-24 12:17:00,78.24600000000001,-5.7960000000000065,SL Hit,137
2024-07-24 12:17:00,24700CE,24200PE,79.3,2024-07-24 12:20:00,85.644,-6.344000000000008,SL Hit,137
2024-07-24 12:20:00,24700CE,24200PE,88.15,2024-07-24 15:25:00,25.700000000000003,62.45,Time Exit,137
2024-07-25 09:20:00,24300CE,24100PE,70.95,2024-07-25 12:14:00,76.626,-5.676000000000002,SL Hit,138
2024-07-25 12:14:00,24300CE,24100PE,76.85,2024-07-25 12:20:00,82.998,-6.14800000000001,SL Hit,138
2024-07-25 12:20:00,24300CE,24100PE,84.5,2024-07-25 12:48:00,91.26,-6.760000000000005,SL Hit,138
2024-07-25 12:48:00,24300CE,24100PE,93.0,2024-07-25 12:51:00,100.44000000000001,-7.440000000000012,SL Hit,138
2024-07-25 12:51:00,24300CE,24100PE,100.65,2024-07-25 14:00:00,120.78,-20.129999999999995,Intra SL Hit,138
2024-07-26 09:20:00,24800CE,24000PE,58.4,2024-07-26 09:40:00,63.072,-4.672000000000004,SL Hit,139
2024-07-26 09:40:00,24800CE,24000PE,63.8,2024-07-26 10:00:00,68.904,-5.103999999999999,SL Hit,139
2024-07-26 10:00:00,24800CE,24000PE,70.35,2024-07-26 10:07:00,75.978,-5.628,SL Hit,139
2024-07-26 10:07:00,24800CE,24000PE,77.05000000000001,2024-07-26 10:20:00,83.21400000000001,-6.1640000000000015,SL Hit,139
2024-07-26 10:20:00,24800CE,24000PE,83.8,2024-07-26 11:00:00,90.504,-6.704000000000008,SL Hit,139
2024-07-26 11:00:00,24800CE,24000PE,94.2,2024-07-26 12:31:00,101.736,-7.536000000000001,SL Hit,139
2024-07-26 12:31:00,24800CE,24000PE,103.64999999999999,2024-07-26 12:34:00,111.942,-8.292000000000002,SL Hit,139
2024-07-26 12:34:00,24800CE,24000PE,113.7,2024-07-26 12:43:00,122.796,-9.096000000000004,SL Hit,139
2024-07-26 12:43:00,24800CE,24000PE,125.14999999999999,2024-07-26 13:03:00,135.162,-10.012000000000015,SL Hit,139
2024-07-26 13:03:00,24800CE,24000PE,136.5,2024-07-26 13:11:00,147.42000000000002,-10.920000000000016,SL Hit,139
2024-07-26 13:11:00,24800CE,24000PE,153.9,2024-07-26 13:23:00,166.21200000000002,-12.312000000000012,SL Hit,139
2024-07-26 13:23:00,24800CE,24000PE,167.05,2024-07-26 13:38:00,180.41400000000002,-13.364000000000004,SL Hit,139
2024-07-26 13:38:00,24800CE,24000PE,184.45,2024-07-26 15:25:00,173.4,11.049999999999983,Time Exit,139
2024-07-29 09:20:00,25200CE,24600PE,58.3,2024-07-29 11:41:00,62.964,-4.6640000000000015,SL Hit,140
2024-07-29 11:41:00,25200CE,24600PE,65.95,2024-07-29 14:20:00,71.22600000000001,-5.2760000000000105,SL Hit,140
2024-07-29 14:20:00,25200CE,24600PE,71.55,2024-07-29 15:25:00,49.45,22.099999999999994,Time Exit,140
2024-07-30 09:20:00,25100CE,24550PE,52.1,2024-07-30 10:56:00,56.26800000000001,-4.168000000000006,SL Hit,141
2024-07-30 10:56:00,25100CE,24550PE,57.5,2024-07-30 15:25:00,36.8,20.700000000000003,Time Exit,141
2024-07-31 09:20:00,25050CE,24750PE,72.80000000000001,2024-07-31 09:32:00,78.62400000000002,-5.824000000000012,SL Hit,142
2024-07-31 09:32:00,25050CE,24750PE,81.05,2024-07-31 15:25:00,68.75,12.299999999999997,Time Exit,142
2024-08-01 09:20:00,25150CE,24950PE,51.8,2024-08-01 15:25:00,0.1,51.699999999999996,Time Exit,143
2024-08-02 09:20:00,25250CE,24300PE,50.35,2024-08-02 09:42:00,54.37800000000001,-4.028000000000006,SL Hit,144
2024-08-02 09:42:00,25250CE,24300PE,54.599999999999994,2024-08-02 09:45:00,58.967999999999996,-4.368000000000002,SL Hit,144
2024-08-02 09:45:00,25250CE,24300PE,62.0,2024-08-02 15:25:00,51.8,10.200000000000003,Time Exit,144
2024-08-05 09:20:00,24800CE,23600PE,52.85,2024-08-05 10:42:00,57.078,-4.2280000000000015,SL Hit,145
2024-08-05 10:42:00,24800CE,23600PE,61.45,2024-08-05 10:49:00,73.74,-12.289999999999992,Intra SL Hit,145
2024-08-06 09:20:00,24700CE,23750PE,56.3,2024-08-06 10:36:00,60.804,-4.504000000000005,SL Hit,146
2024-08-06 10:36:00,24700CE,23750PE,63.5,2024-08-06 10:38:00,68.58,-5.079999999999998,SL Hit,146
2024-08-06 10:38:00,24700CE,23750PE,75.45,2024-08-06 14:18:00,81.486,-6.036000000000001,SL Hit,146
2024-08-06 14:18:00,24700CE,23750PE,82.7,2024-08-06 15:25:00,69.0,13.700000000000003,Time Exit,146
2024-08-07 09:20:00,24550CE,23950PE,49.25,2024-08-07 15:25:00,29.9,19.35,Time Exit,147
2024-08-08 09:20:00,24400CE,24000PE,53.900000000000006,2024-08-08 09:26:00,58.21200000000001,-4.312000000000005,SL Hit,148
2024-08-08 09:26:00,24400CE,24000PE,59.7,2024-08-08 09:31:00,71.64,-11.939999999999998,Intra SL Hit,148
2024-08-09 09:20:00,24800CE,23800PE,52.2,2024-08-09 09:27:00,56.376000000000005,-4.176000000000002,SL Hit,149
2024-08-09 09:27:00,24800CE,23800PE,56.65,2024-08-09 15:25:00,37.95,18.699999999999996,Time Exit,149
2024-08-12 09:20:00,24650CE,23800PE,54.0,2024-08-12 11:14:00,58.32000000000001,-4.320000000000007,SL Hit,150
2024-08-12 11:14:00,24650CE,23800PE,58.849999999999994,2024-08-12 11:17:00,63.558,-4.7080000000000055,SL Hit,150
2024-08-12 11:17:00,24650CE,23800PE,64.1,2024-08-12 15:25:00,27.8,36.3,Time Exit,150
2024-08-13 09:20:00,24550CE,24050PE,53.95,2024-08-13 14:04:00,58.266000000000005,-4.3160000000000025,SL Hit,151
2024-08-13 14:04:00,24550CE,24050PE,60.8,2024-08-13 14:05:00,65.664,-4.864000000000004,SL Hit,151
2024-08-13 14:05:00,24550CE,24050PE,68.39999999999999,2024-08-13 14:09:00,73.872,-5.472000000000008,SL Hit,151
2024-08-13 14:09:00,24550CE,24050PE,76.0,2024-08-13 15:25:00,52.5,23.5,Time Exit,151
2024-08-14 09:20:00,24250CE,24050PE,56.75,2024-08-14 15:25:00,0.2,56.55,Time Exit,152
2024-08-16 09:20:00,24750CE,23900PE,52.85,2024-08-16 10:20:00,57.078,-4.2280000000000015,SL Hit,153
2024-08-16 10:20:00,24750CE,23900PE,59.2,2024-08-16 10:29:00,63.93600000000001,-4.736000000000004,SL Hit,153
2024-08-16 10:29:00,24750CE,23900PE,64.75,2024-08-16 10:30:00,69.93,-5.180000000000007,SL Hit,153
2024-08-16 10:30:00,24750CE,23900PE,70.2,2024-08-16 15:25:00,67.3,2.9000000000000057,Time Exit,153
2024-08-19 09:20:00,24850CE,24300PE,65.85,2024-08-19 15:25:00,47.150000000000006,18.69999999999999,Time Exit,154
2024-08-20 09:20:00,24800CE,24400PE,61.05,2024-08-20 09:47:00,65.934,-4.884,SL Hit,155
2024-08-20 09:47:00,24800CE,24400PE,66.8,2024-08-20 10:00:00,72.144,-5.344000000000008,SL Hit,155
2024-08-20 10:00:00,24800CE,24400PE,73.8,2024-08-20 10:05:00,79.70400000000001,-5.904000000000011,SL Hit,155
2024-08-20 10:05:00,24800CE,24400PE,83.44999999999999,2024-08-20 15:25:00,52.449999999999996,30.999999999999993,Time Exit,155
2024-08-21 09:20:00,24850CE,24550PE,56.5,2024-08-21 15:25:00,35.55,20.950000000000003,Time Exit,156
2024-08-22 09:20:00,24850CE,24750PE,63.65,2024-08-22 15:25:00,0.15000000000000002,63.5,Time Exit,157
2024-08-23 09:20:00,25150CE,24400PE,53.0,2024-08-23 15:25:00,49.9,3.1000000000000014,Time Exit,158
2024-08-26 09:20:00,25100CE,24650PE,72.0,2024-08-26 09:37:00,77.76,-5.760000000000005,SL Hit,159
2024-08-26 09:37:00,25100CE,24650PE,78.35,2024-08-26 09:39:00,84.618,-6.268000000000001,SL Hit,159
2024-08-26 09:39:00,25100CE,24650PE,88.75,2024-08-26 09:40:00,95.85000000000001,-7.1000000000000085,SL Hit,159
2024-08-26 09:40:00,25100CE,24650PE,97.5,2024-08-26 10:17:00,105.30000000000001,-7.800000000000011,SL Hit,159
2024-08-26 10:17:00,25100CE,24650PE,105.39999999999999,2024-08-26 10:18:00,113.832,-8.432000000000002,SL Hit,159
2024-08-26 10:18:00,25100CE,24650PE,116.95,2024-08-26 15:25:00,87.2,29.75,Time Exit,159
2024-08-27 09:20:00,25200CE,24800PE,57.7,2024-08-27 15:25:00,35.95,21.75,Time Exit,160
2024-08-28 09:20:00,25150CE,24900PE,59.45,2024-08-28 11:32:00,64.206,-4.756,SL Hit,161
2024-08-28 11:32:00,25150CE,24900PE,67.35,2024-08-28 11:40:00,72.738,-5.388000000000005,SL Hit,161
2024-08-28 11:40:00,25150CE,24900PE,77.45,2024-08-28 15:25:00,34.65,42.800000000000004,Time Exit,161
2024-08-29 09:20:00,25100CE,24950PE,54.5,2024-08-29 09:25:00,58.86000000000001,-4.3600000000000065,SL Hit,162
2024-08-29 09:25:00,25100CE,24950PE,61.95,2024-08-29 09:53:00,74.34,-12.39,Intra SL Hit,162
2024-08-30 09:20:00,25550CE,24850PE,55.0,2024-08-30 09:26:00,59.400000000000006,-4.400000000000006,SL Hit,163
2024-08-30 09:26:00,25550CE,24850PE,59.650000000000006,2024-08-30 15:25:00,44.400000000000006,15.25,Time Exit,163
2024-09-02 09:20:00,25550CE,25000PE,57.55,2024-09-02 15:25:00,42.45,15.099999999999994,Time Exit,164
2024-09-03 09:20:00,25450CE,25050PE,60.45,2024-09-03 15:25:00,44.7,15.75,Time Exit,165
2024-09-04 09:20:00,25250CE,24900PE,57.75,2024-09-04 13:20:00,62.370000000000005,-4.6200000000000045,SL Hit,166
2024-09-04 13:20:00,25250CE,24900PE,62.900000000000006,2024-09-04 15:25:00,42.25,20.650000000000006,Time Exit,166
2024-09-05 09:20:00,25350CE,25200PE,60.7,2024-09-05 09:26:00,72.84,-12.14,Intra SL Hit,167
2024-09-06 09:20:00,25400CE,24750PE,65.0,2024-09-06 09:31:00,70.2,-5.200000000000003,SL Hit,168
2024-09-06 09:31:00,25400CE,24750PE,72.94999999999999,2024-09-06 09:45:00,78.78599999999999,-5.8359999999999985,SL Hit,168
2024-09-06 09:45:00,25400CE,24750PE,85.0,2024-09-06 09:52:00,91.80000000000001,-6.800000000000011,SL Hit,168
2024-09-06 09:52:00,25400CE,24750PE,102.1,2024-09-06 10:05:00,110.268,-8.168000000000006,SL Hit,168
2024-09-06 10:05:00,25400CE,24750PE,114.80000000000001,2024-09-06 10:07:00,123.98400000000002,-9.184000000000012,SL Hit,168
2024-09-06 10:07:00,25400CE,24750PE,127.5,2024-09-06 10:10:00,137.70000000000002,-10.200000000000017,SL Hit,168
2024-09-06 10:10:00,25400CE,24750PE,139.79999999999998,2024-09-06 14:51:00,150.98399999999998,-11.183999999999997,SL Hit,168
2024-09-06 14:51:00,25400CE,24750PE,151.55,2024-09-06 15:25:00,122.75,28.80000000000001,Time Exit,168
2024-09-09 09:20:00,25150CE,24350PE,54.55,2024-09-09 15:25:00,41.5,13.049999999999997,Time Exit,169
2024-09-10 09:20:00,25150CE,24800PE,68.55,2024-09-10 09:46:00,82.25999999999999,-13.709999999999994,Intra SL Hit,170
2024-09-11 09:20:00,25150CE,24850PE,50.95,2024-09-11 09:26:00,61.14,-10.189999999999998,Intra SL Hit,171
2024-09-12 09:20:00,25050CE,24950PE,62.75,2024-09-12 09:21:00,67.77000000000001,-5.02000000000001,SL Hit,172
2024-09-12 09:21:00,25050CE,24950PE,70.15,2024-09-12 09:25:00,75.76200000000001,-5.612000000000009,SL Hit,172
2024-09-12 09:25:00,25050CE,24950PE,78.4,2024-09-12 10:25:00,84.67200000000001,-6.272000000000006,SL Hit,172
2024-09-12 10:25:00,25050CE,24950PE,85.15,2024-09-12 10:36:00,91.96200000000002,-6.812000000000012,SL Hit,172
2024-09-12 10:36:00,25050CE,24950PE,92.94999999999999,2024-09-12 11:25:00,111.53999999999998,-18.58999999999999,Intra SL Hit,172
2024-09-13 09:20:00,25700CE,24850PE,54.2,2024-09-13 15:25:00,38.3,15.900000000000006,Time Exit,173
2024-09-16 09:20:00,25650CE,25100PE,60.95,2024-09-16 15:25:00,49.75,11.200000000000003,Time Exit,174
2024-09-17 09:20:00,25600CE,25050PE,51.75,2024-09-17 15:25:00,46.3,5.450000000000003,Time Exit,175
2024-09-18 09:20:00,25600CE,25150PE,52.55,2024-09-18 09:41:00,56.754,-4.204000000000001,SL Hit,176
2024-09-18 09:41:00,25600CE,25150PE,56.85,2024-09-18 10:41:00,61.398,-4.548000000000002,SL Hit,176
2024-09-18 10:41:00,25600CE,25150PE,66.3,2024-09-18 10:44:00,71.604,-5.304000000000002,SL Hit,176
2024-09-18 10:44:00,25600CE,25150PE,72.85,2024-09-18 13:37:00,78.678,-5.828000000000003,SL Hit,176
2024-09-18 13:37:00,25600CE,25150PE,81.4,2024-09-18 13:40:00,87.912,-6.5120000000000005,SL Hit,176
2024-09-18 13:40:00,25600CE,25150PE,91.65,2024-09-18 15:25:00,77.4,14.25,Time Exit,176
2024-09-19 09:20:00,25650CE,25500PE,60.35,2024-09-19 11:29:00,72.42,-12.07,Intra SL Hit,177
2024-09-20 09:20:00,25850CE,24900PE,62.65,2024-09-20 10:36:00,67.662,-5.012000000000008,SL Hit,178
2024-09-20 10:36:00,25850CE,24900PE,73.5,2024-09-20 10:40:00,79.38000000000001,-5.88000000000001,SL Hit,178
2024-09-20 10:40:00,25850CE,24900PE,82.75,2024-09-20 11:12:00,89.37,-6.6200000000000045,SL Hit,178
2024-09-20 11:12:00,25850CE,24900PE,91.4,2024-09-20 11:20:00,98.71200000000002,-7.312000000000012,SL Hit,178
2024-09-20 11:20:00,25850CE,24900PE,100.55,2024-09-20 11:32:00,108.59400000000001,-8.044000000000011,SL Hit,178
2024-09-20 11:32:00,25850CE,24900PE,109.9,2024-09-20 12:46:00,118.69200000000001,-8.792000000000002,SL Hit,178
2024-09-20 12:46:00,25850CE,24900PE,118.69999999999999,2024-09-20 12:48:00,128.196,-9.49600000000001,SL Hit,178
2024-09-20 12:48:00,25850CE,24900PE,133.35,2024-09-20 12:52:00,144.018,-10.668000000000006,SL Hit,178
2024-09-20 12:52:00,25850CE,24900PE,146.15,2024-09-20 15:25:00,117.69999999999999,28.450000000000017,Time Exit,178
2024-09-23 09:20:00,26250CE,25300PE,53.849999999999994,2024-09-23 09:23:00,58.157999999999994,-4.308,SL Hit,179
2024-09-23 09:23:00,26250CE,25300PE,59.85,2024-09-23 15:25:00,35.599999999999994,24.250000000000007,Time Exit,179
2024-09-24 09:20:00,26150CE,25650PE,71.80000000000001,2024-09-24 15:25:00,46.45,25.35000000000001,Time Exit,180
2024-09-25 09:20:00,26100CE,25750PE,58.75,2024-09-25 15:25:00,35.35,23.4,Time Exit,181
2024-09-26 09:20:00,26150CE,25950PE,56.05,2024-09-26 10:09:00,67.25999999999999,-11.209999999999994,Intra SL Hit,182
2024-09-27 09:20:00,26600CE,25800PE,61.15,2024-09-27 15:25:00,38.900000000000006,22.249999999999993,Time Exit,183
2024-09-30 09:20:00,26350CE,25850PE,74.9,2024-09-30 09:47:00,80.89200000000001,-5.992000000000004,SL Hit,184
2024-09-30 09:47:00,26350CE,25850PE,82.5,2024-09-30 09:51:00,89.10000000000001,-6.6000000000000085,SL Hit,184
2024-09-30 09:51:00,26350CE,25850PE,90.14999999999999,2024-09-30 11:25:00,97.362,-7.212000000000003,SL Hit,184
2024-09-30 11:25:00,26350CE,25850PE,100.30000000000001,2024-09-30 11:29:00,108.32400000000003,-8.024000000000015,SL Hit,184
2024-09-30 11:29:00,26350CE,25850PE,108.35000000000001,2024-09-30 13:07:00,117.01800000000001,-8.668000000000006,SL Hit,184
2024-09-30 13:07:00,26350CE,25850PE,121.5,2024-09-30 13:26:00,131.22,-9.719999999999999,SL Hit,184
2024-09-30 13:26:00,26350CE,25850PE,131.7,2024-09-30 13:31:00,142.236,-10.536000000000001,SL Hit,184
2024-09-30 13:31:00,26350CE,25850PE,149.9,2024-09-30 14:45:00,161.89200000000002,-11.992000000000019,SL Hit,184
2024-09-30 14:45:00,26350CE,25850PE,165.1,2024-09-30 15:25:00,132.25,32.849999999999994,Time Exit,184
2024-10-01 09:20:00,26150CE,25650PE,57.9,2024-10-01 10:34:00,62.532000000000004,-4.632000000000005,SL Hit,185
2024-10-01 10:34:00,26150CE,25650PE,65.8,2024-10-01 10:35:00,71.06400000000001,-5.26400000000001,SL Hit,185
2024-10-01 10:35:00,26150CE,25650PE,73.25,2024-10-01 15:25:00,24.150000000000002,49.099999999999994,Time Exit,185
2024-10-03 09:20:00,25650CE,25400PE,66.1,2024-10-03 09:27:00,71.388,-5.288000000000011,SL Hit,186
2024-10-03 09:27:00,25650CE,25400PE,75.95,2024-10-03 09:33:00,82.02600000000001,-6.076000000000008,SL Hit,186
2024-10-03 09:33:00,25650CE,25400PE,87.9,2024-10-03 09:35:00,105.48,-17.58,Intra SL Hit,186
2024-10-04 09:20:00,25750CE,24250PE,58.0,2024-10-04 10:52:00,62.64,-4.640000000000001,SL Hit,187
2024-10-04 10:52:00,25750CE,24250PE,63.150000000000006,2024-10-04 11:50:00,68.20200000000001,-5.052000000000007,SL Hit,187
2024-10-04 11:50:00,25750CE,24250PE,68.75,2024-10-04 11:52:00,74.25,-5.5,SL Hit,187
2024-10-04 11:52:00,25750CE,24250PE,75.35,2024-10-04 12:08:00,81.378,-6.028000000000006,SL Hit,187
2024-10-04 12:08:00,25750CE,24250PE,82.95,2024-10-04 12:14:00,89.58600000000001,-6.63600000000001,SL Hit,187
2024-10-04 12:14:00,25750CE,24250PE,91.75,2024-10-04 15:25:00,38.85,52.9,Time Exit,187
2024-10-07 09:20:00,25600CE,24450PE,54.25,2024-10-07 10:40:00,58.59,-4.340000000000003,SL Hit,188
2024-10-07 10:40:00,25600CE,24450PE,58.95,2024-10-07 10:45:00,63.666000000000004,-4.716000000000001,SL Hit,188
2024-10-07 10:45:00,25600CE,24450PE,64.35,2024-10-07 10:48:00,69.498,-5.14800000000001,SL Hit,188
2024-10-07 10:48:00,25600CE,24450PE,69.85,2024-10-07 10:52:00,75.438,-5.588000000000008,SL Hit,188
2024-10-07 10:52:00,25600CE,24450PE,77.0,2024-10-07 11:04:00,83.16000000000001,-6.160000000000011,SL Hit,188
2024-10-07 11:04:00,25600CE,24450PE,83.9,2024-10-07 11:05:00,90.61200000000001,-6.712000000000003,SL Hit,188
2024-10-07 11:05:00,25600CE,24450PE,91.64999999999999,2024-10-07 13:40:00,98.982,-7.332000000000008,SL Hit,188
2024-10-07 13:40:00,25600CE,24450PE,100.65,2024-10-07 13:41:00,108.70200000000001,-8.052000000000007,SL Hit,188
2024-10-07 13:41:00,25600CE,24450PE,110.1,2024-10-07 15:25:00,64.7,45.39999999999999,Time Exit,188
2024-10-08 09:20:00,25350CE,24050PE,52.75,2024-10-08 15:25:00,30.95,21.8,Time Exit,189
2024-10-09 09:20:00,25300CE,24700PE,67.9,2024-10-09 09:46:00,73.33200000000001,-5.432000000000002,SL Hit,190
2024-10-09 09:46:00,25300CE,24700PE,74.9,2024-10-09 10:10:00,80.89200000000001,-5.992000000000004,SL Hit,190
2024-10-09 10:10:00,25300CE,24700PE,81.95,2024-10-09 15:25:00,21.65,60.300000000000004,Time Exit,190
2024-10-10 09:20:00,25200CE,24900PE,55.400000000000006,2024-10-10 15:25:00,0.1,55.300000000000004,Time Exit,191
2024-10-11 09:20:00,25400CE,24450PE,65.65,2024-10-11 15:25:00,40.8,24.85000000000001,Time Exit,192
2024-10-14 09:20:00,25350CE,24700PE,59.8,2024-10-14 09:46:00,64.584,-4.784000000000006,SL Hit,193
2024-10-14 09:46:00,25350CE,24700PE,65.30000000000001,2024-10-14 15:25:00,48.75,16.55000000000001,Time Exit,193
2024-10-15 09:20:00,25400CE,24950PE,53.150000000000006,2024-10-15 09:46:00,57.40200000000001,-4.2520000000000024,SL Hit,194
2024-10-15 09:46:00,25400CE,24950PE,59.45,2024-10-15 09:49:00,71.34,-11.89,Intra SL Hit,194
2024-10-16 09:20:00,25200CE,24850PE,55.0,2024-10-16 09:38:00,59.400000000000006,-4.400000000000006,SL Hit,195
2024-10-16 09:38:00,25200CE,24850PE,61.2,2024-10-16 11:40:00,66.096,-4.896000000000001,SL Hit,195
2024-10-16 11:40:00,25200CE,24850PE,66.6,2024-10-16 11:48:00,71.928,-5.328000000000003,SL Hit,195
2024-10-16 11:48:00,25200CE,24850PE,73.65,2024-10-16 15:25:00,34.15,39.50000000000001,Time Exit,195
2024-10-17 09:20:00,25050CE,24900PE,65.1,2024-10-17 09:34:00,78.11999999999999,-13.019999999999996,Intra SL Hit,196
2024-10-18 09:20:00,25100CE,23900PE,51.75,2024-10-18 11:41:00,55.89,-4.140000000000001,SL Hit,197
2024-10-18 11:41:00,25100CE,23900PE,56.0,2024-10-18 12:25:00,60.480000000000004,-4.480000000000004,SL Hit,197
2024-10-18 12:25:00,25100CE,23900PE,60.949999999999996,2024-10-18 12:28:00,65.826,-4.875999999999998,SL Hit,197
2024-10-18 12:28:00,25100CE,23900PE,65.85000000000001,2024-10-18 13:36:00,71.11800000000001,-5.268000000000001,SL Hit,197
2024-10-18 13:36:00,25100CE,23900PE,73.35000000000001,2024-10-18 15:25:00,57.85,15.500000000000007,Time Exit,197
2024-10-21 09:20:00,25200CE,24600PE,59.7,2024-10-21 09:25:00,64.47600000000001,-4.7760000000000105,SL Hit,198
2024-10-21 09:25:00,25200CE,24600PE,64.75,2024-10-21 09:32:00,69.93,-5.180000000000007,SL Hit,198
2024-10-21 09:32:00,25200CE,24600PE,72.2,2024-10-21 09:34:00,77.97600000000001,-5.7760000000000105,SL Hit,198
2024-10-21 09:34:00,25200CE,24600PE,79.25,2024-10-21 09:35:00,85.59,-6.340000000000003,SL Hit,198
2024-10-21 09:35:00,25200CE,24600PE,88.1,2024-10-21 09:45:00,95.148,-7.048000000000002,SL Hit,198
2024-10-21 09:45:00,25200CE,24600PE,95.85,2024-10-21 09:49:00,103.518,-7.668000000000006,SL Hit,198
2024-10-21 09:49:00,25200CE,24600PE,111.60000000000001,2024-10-21 09:51:00,120.52800000000002,-8.928000000000011,SL Hit,198
2024-10-21 09:51:00,25200CE,24600PE,127.05,2024-10-21 15:25:00,76.6,50.45,Time Exit,198
2024-10-22 09:20:00,25050CE,24600PE,70.5,2024-10-22 10:16:00,76.14,-5.640000000000001,SL Hit,199
2024-10-22 10:16:00,25050CE,24600PE,78.1,2024-10-22 10:19:00,84.348,-6.248000000000005,SL Hit,199
2024-10-22 10:19:00,25050CE,24600PE,84.4,2024-10-22 10:26:00,91.15200000000002,-6.7520000000000095,SL Hit,199
2024-10-22 10:26:00,25050CE,24600PE,99.7,2024-10-22 10:28:00,107.67600000000002,-7.976000000000013,SL Hit,199
2024-10-22 10:28:00,25050CE,24600PE,114.60000000000001,2024-10-22 13:02:00,123.76800000000001,-9.168000000000006,SL Hit,199
2024-10-22 13:02:00,25050CE,24600PE,129.45000000000002,2024-10-22 14:28:00,139.80600000000004,-10.356000000000023,SL Hit,199
2024-10-22 14:28:00,25050CE,24600PE,141.35,2024-10-22 14:53:00,152.65800000000002,-11.308000000000021,SL Hit,199
2024-10-22 14:53:00,25050CE,24600PE,154.7,2024-10-22 15:01:00,167.076,-12.376000000000005,SL Hit,199
2024-10-22 15:01:00,25050CE,24600PE,171.25,2024-10-22 15:03:00,184.95000000000002,-13.700000000000017,SL Hit,199
2024-10-22 15:03:00,25050CE,24600PE,186.9,2024-10-22 15:12:00,201.85200000000003,-14.952000000000027,SL Hit,199
2024-10-22 15:12:00,25050CE,24600PE,202.2,2024-10-22 15:25:00,184.85,17.349999999999994,Time Exit,199
2024-10-23 09:20:00,24750CE,24200PE,58.5,2024-10-23 09:39:00,63.18000000000001,-4.680000000000007,SL Hit,200
2024-10-23 09:39:00,24750CE,24200PE,66.4,2024-10-23 15:25:00,19.85,46.550000000000004,Time Exit,200
2024-10-24 09:20:00,24550CE,24300PE,55.2,2024-10-24 15:25:00,0.1,55.1,Time Exit,201
2024-10-25 09:20:00,24850CE,23850PE,50.95,2024-10-25 09:40:00,55.026,-4.0760000000000005,SL Hit,202
2024-10-25 09:40:00,24850CE,23850PE,55.45,2024-10-25 09:49:00,59.88600000000001,-4.436000000000007,SL Hit,202
2024-10-25 09:49:00,24850CE,23850PE,60.0,2024-10-25 09:58:00,64.80000000000001,-4.800000000000011,SL Hit,202
2024-10-25 09:58:00,24850CE,23850PE,67.8,2024-10-25 10:47:00,73.224,-5.424000000000007,SL Hit,202
2024-10-25 10:47:00,24850CE,23850PE,74.55,2024-10-25 10:54:00,89.46,-14.909999999999997,Intra SL Hit,202
2024-10-28 09:20:00,24550CE,23850PE,64.25,2024-10-28 09:30:00,69.39,-5.140000000000001,SL Hit,203
2024-10-28 09:30:00,24550CE,23850PE,75.05,2024-10-28 10:36:00,81.054,-6.004000000000005,SL Hit,203
2024-10-28 10:36:00,24550CE,23850PE,81.35000000000001,2024-10-28 12:13:00,87.85800000000002,-6.50800000000001,SL Hit,203
2024-10-28 12:13:00,24550CE,23850PE,97.69999999999999,2024-10-28 15:25:00,49.4,48.29999999999999,Time Exit,203
2024-10-29 09:20:00,24550CE,24000PE,59.9,2024-10-29 09:35:00,64.69200000000001,-4.792000000000009,SL Hit,204
2024-10-29 09:35:00,24550CE,24000PE,66.1,2024-10-29 09:48:00,71.388,-5.288000000000011,SL Hit,204
2024-10-29 09:48:00,24550CE,24000PE,72.65,2024-10-29 10:07:00,78.46200000000002,-5.812000000000012,SL Hit,204
2024-10-29 10:07:00,24550CE,24000PE,79.05,2024-10-29 15:25:00,65.10000000000001,13.949999999999989,Time Exit,204
2024-10-30 09:20:00,24550CE,24150PE,63.650000000000006,2024-10-30 09:22:00,68.742,-5.091999999999999,SL Hit,205
2024-10-30 09:22:00,24550CE,24150PE,70.25,2024-10-30 15:25:00,30.799999999999997,39.45,Time Exit,205
2024-10-31 09:20:00,24450CE,24200PE,49.7,2024-10-31 15:25:00,0.2,49.5,Time Exit,206
2024-11-04 09:20:00,24700CE,23400PE,53.7,2024-11-04 09:46:00,57.99600000000001,-4.2960000000000065,SL Hit,207
2024-11-04 09:46:00,24700CE,23400PE,58.349999999999994,2024-11-04 10:12:00,63.018,-4.668000000000006,SL Hit,207
2024-11-04 10:12:00,24700CE,23400PE,68.65,2024-11-04 10:57:00,74.14200000000001,-5.492000000000004,SL Hit,207
2024-11-04 10:57:00,24700CE,23400PE,77.25,2024-11-04 11:01:00,83.43,-6.180000000000007,SL Hit,207
2024-11-04 11:01:00,24700CE,23400PE,87.55000000000001,2024-11-04 11:08:00,94.55400000000002,-7.004000000000005,SL Hit,207
2024-11-04 11:08:00,24700CE,23400PE,96.60000000000001,2024-11-04 15:25:00,44.85,51.75000000000001,Time Exit,207
2024-11-05 09:20:00,24500CE,23250PE,53.4,2024-11-05 15:25:00,53.35,0.04999999999999716,Time Exit,208
2024-11-06 09:20:00,24550CE,23900PE,70.35,2024-11-06 14:21:00,75.978,-5.628,SL Hit,209
2024-11-06 14:21:00,24550CE,23900PE,81.45,2024-11-06 14:23:00,87.96600000000001,-6.516000000000005,SL Hit,209
2024-11-06 14:23:00,24550CE,23900PE,91.05,2024-11-06 15:25:00,51.5,39.55,Time Exit,209
2024-11-07 09:20:00,24550CE,24350PE,56.95,2024-11-07 09:22:00,61.50600000000001,-4.5560000000000045,SL Hit,210
2024-11-07 09:22:00,24550CE,24350PE,65.80000000000001,2024-11-07 09:23:00,78.96000000000001,-13.159999999999997,Intra SL Hit,210
2024-11-08 09:20:00,24550CE,23450PE,63.199999999999996,2024-11-08 09:30:00,68.256,-5.0560000000000045,SL Hit,211
2024-11-08 09:30:00,24550CE,23450PE,68.4,2024-11-08 09:45:00,73.87200000000001,-5.472000000000008,SL Hit,211
2024-11-08 09:45:00,24550CE,23450PE,79.75,2024-11-08 09:47:00,86.13000000000001,-6.38000000000001,SL Hit,211
2024-11-08 09:47:00,24550CE,23450PE,90.75,2024-11-08 15:25:00,35.95,54.8,Time Exit,211
2024-11-11 09:20:00,24400CE,23650PE,55.9,2024-11-11 09:34:00,60.372,-4.472000000000001,SL Hit,212
2024-11-11 09:34:00,24400CE,23650PE,60.4,2024-11-11 10:28:00,65.232,-4.832000000000001,SL Hit,212
2024-11-11 10:28:00,24400CE,23650PE,70.89999999999999,2024-11-11 10:30:00,76.572,-5.672000000000011,SL Hit,212
2024-11-11 10:30:00,24400CE,23650PE,77.19999999999999,2024-11-11 11:05:00,83.37599999999999,-6.176000000000002,SL Hit,212
2024-11-11 11:05:00,24400CE,23650PE,83.9,2024-11-11 11:12:00,90.61200000000001,-6.712000000000003,SL Hit,212
2024-11-11 11:12:00,24400CE,23650PE,91.60000000000001,2024-11-11 11:15:00,98.92800000000001,-7.328000000000003,SL Hit,212
2024-11-11 11:15:00,24400CE,23650PE,99.4,2024-11-11 15:25:00,42.25,57.150000000000006,Time Exit,212
2024-11-12 09:20:00,24450CE,23900PE,57.25,2024-11-12 09:37:00,61.830000000000005,-4.580000000000005,SL Hit,213
2024-11-12 09:37:00,24450CE,23900PE,64.30000000000001,2024-11-12 12:46:00,69.44400000000002,-5.1440000000000055,SL Hit,213
2024-11-12 12:46:00,24450CE,23900PE,73.55,2024-11-12 12:48:00,79.434,-5.884,SL Hit,213
2024-11-12 12:48:00,24450CE,23900PE,83.7,2024-11-12 12:49:00,90.39600000000002,-6.696000000000012,SL Hit,213
2024-11-12 12:49:00,24450CE,23900PE,91.25,2024-11-12 13:17:00,98.55000000000001,-7.300000000000011,SL Hit,213
2024-11-12 13:17:00,24450CE,23900PE,103.2,2024-11-12 15:07:00,111.45600000000002,-8.256000000000014,SL Hit,213
2024-11-12 15:07:00,24450CE,23900PE,113.15,2024-11-12 15:13:00,122.20200000000001,-9.052000000000007,SL Hit,213
2024-11-12 15:13:00,24450CE,23900PE,123.25,2024-11-12 15:25:00,124.10000000000001,-0.8500000000000085,Time Exit,213
2024-11-13 09:20:00,24100CE,23550PE,57.9,2024-11-13 09:43:00,62.532000000000004,-4.632000000000005,SL Hit,214
2024-11-13 09:43:00,24100CE,23550PE,65.1,2024-11-13 14:29:00,70.30799999999999,-5.207999999999998,SL Hit,214
2024-11-13 14:29:00,24100CE,23550PE,75.25,2024-11-13 14:30:00,81.27000000000001,-6.02000000000001,SL Hit,214
2024-11-13 14:30:00,24100CE,23550PE,81.35000000000001,2024-11-13 14:36:00,87.85800000000002,-6.50800000000001,SL Hit,214
2024-11-13 14:36:00,24100CE,23550PE,88.7,2024-11-13 14:41:00,95.796,-7.096000000000004,SL Hit,214
2024-11-13 14:41:00,24100CE,23550PE,101.5,2024-11-13 15:05:00,109.62,-8.120000000000005,SL Hit,214
2024-11-13 15:05:00,24100CE,23550PE,112.6,2024-11-13 15:25:00,61.3,51.3,Time Exit,214
2024-11-14 09:20:00,23750CE,23400PE,58.75,2024-11-14 15:25:00,0.1,58.65,Time Exit,215
2024-11-18 09:20:00,23850CE,23100PE,62.0,2024-11-18 15:25:00,33.4,28.6,Time Exit,216
2024-11-19 09:20:00,23800CE,23300PE,48.95,2024-11-19 09:24:00,58.74,-9.79,Intra SL Hit,217
2024-11-21 09:20:00,23600CE,23150PE,48.95,2024-11-21 15:25:00,0.1,48.85,Time Exit,218
2024-11-22 09:20:00,23900CE,22750PE,56.3,2024-11-22 09:22:00,60.804,-4.504000000000005,SL Hit,219
2024-11-22 09:22:00,23900CE,22750PE,63.95,2024-11-22 09:28:00,69.066,-5.116,SL Hit,219
2024-11-22 09:28:00,23900CE,22750PE,69.65,2024-11-22 10:03:00,75.22200000000001,-5.572000000000003,SL Hit,219
2024-11-22 10:03:00,23900CE,22750PE,81.65,2024-11-22 10:07:00,88.18200000000002,-6.532000000000011,SL Hit,219
2024-11-22 10:07:00,23900CE,22750PE,88.3,2024-11-22 11:54:00,95.364,-7.064000000000007,SL Hit,219
2024-11-22 11:54:00,23900CE,22750PE,97.1,2024-11-22 12:05:00,104.868,-7.768000000000001,SL Hit,219
2024-11-22 12:05:00,23900CE,22750PE,108.0,2024-11-22 12:06:00,116.64000000000001,-8.640000000000015,SL Hit,219
2024-11-22 12:06:00,23900CE,22750PE,120.5,2024-11-22 12:41:00,130.14000000000001,-9.640000000000015,SL Hit,219
2024-11-22 12:41:00,23900CE,22750PE,138.15,2024-11-22 13:12:00,149.20200000000003,-11.052000000000021,SL Hit,219
2024-11-22 13:12:00,23900CE,22750PE,151.6,2024-11-22 13:59:00,163.728,-12.128000000000014,SL Hit,219
2024-11-22 13:59:00,23900CE,22750PE,178.85,2024-11-22 14:00:00,193.15800000000002,-14.308000000000021,SL Hit,219
2024-11-22 14:00:00,23900CE,22750PE,194.65,2024-11-22 14:07:00,210.222,-15.572000000000003,SL Hit,219
2024-11-22 14:07:00,23900CE,22750PE,212.3,2024-11-22 14:09:00,229.28400000000002,-16.98400000000001,SL Hit,219
2024-11-22 14:09:00,23900CE,22750PE,230.0,2024-11-22 14:52:00,248.4,-18.400000000000006,SL Hit,219
2024-11-22 14:52:00,23900CE,22750PE,253.35,2024-11-22 15:25:00,196.55,56.79999999999998,Time Exit,219
2024-11-25 09:20:00,24800CE,23550PE,48.85,2024-11-25 15:25:00,26.45,22.400000000000002,Time Exit,220
2024-11-26 09:20:00,24600CE,23950PE,61.7,2024-11-26 09:22:00,66.63600000000001,-4.936000000000007,SL Hit,221
2024-11-26 09:22:00,24600CE,23950PE,69.05,2024-11-26 15:25:00,42.45,26.599999999999994,Time Exit,221
2024-11-27 09:20:00,24400CE,24000PE,65.1,2024-11-27 13:43:00,70.30799999999999,-5.207999999999998,SL Hit,222
2024-11-27 13:43:00,24400CE,24000PE,72.3,2024-11-27 13:51:00,86.75999999999999,-14.459999999999994,Intra SL Hit,222
2024-11-28 09:20:00,24400CE,24150PE,60.349999999999994,2024-11-28 09:25:00,65.178,-4.828000000000003,SL Hit,223
2024-11-28 09:25:00,24400CE,24150PE,66.55,2024-11-28 10:35:00,79.86,-13.310000000000002,Intra SL Hit,223
2024-11-29 09:20:00,24550CE,23400PE,56.5,2024-11-29 09:27:00,61.02,-4.520000000000003,SL Hit,224
2024-11-29 09:27:00,24550CE,23400PE,62.5,2024-11-29 09:41:00,67.5,-5.0,SL Hit,224
2024-11-29 09:41:00,24550CE,23400PE,68.75,2024-11-29 10:51:00,74.25,-5.5,SL Hit,224
2024-11-29 10:51:00,24550CE,23400PE,74.4,2024-11-29 15:25:00,39.95,34.45,Time Exit,224
2024-12-02 09:20:00,24450CE,23550PE,53.3,2024-12-02 09:40:00,57.564,-4.264000000000003,SL Hit,225
2024-12-02 09:40:00,24450CE,23550PE,60.900000000000006,2024-12-02 10:15:00,65.772,-4.872,SL Hit,225
2024-12-02 10:15:00,24450CE,23550PE,67.1,2024-12-02 12:24:00,72.468,-5.368000000000009,SL Hit,225
2024-12-02 12:24:00,24450CE,23550PE,73.2,2024-12-02 12:28:00,79.05600000000001,-5.856000000000009,SL Hit,225
2024-12-02 12:28:00,24450CE,23550PE,79.45,2024-12-02 12:29:00,85.80600000000001,-6.356000000000009,SL Hit,225
2024-12-02 12:29:00,24450CE,23550PE,86.4,2024-12-02 13:58:00,93.31200000000001,-6.912000000000006,SL Hit,225
2024-12-02 13:58:00,24450CE,23550PE,97.5,2024-12-02 14:01:00,105.30000000000001,-7.800000000000011,SL Hit,225
2024-12-02 14:01:00,24450CE,23550PE,105.55,2024-12-02 14:17:00,113.994,-8.444000000000003,SL Hit,225
2024-12-02 14:17:00,24450CE,23550PE,114.2,2024-12-02 15:25:00,96.95,17.25,Time Exit,225
2024-12-03 09:20:00,24650CE,23850PE,68.35,2024-12-03 15:25:00,59.55,8.799999999999997,Time Exit,226
2024-12-04 09:20:00,24700CE,24100PE,66.2,2024-12-04 11:57:00,71.49600000000001,-5.2960000000000065,SL Hit,227
2024-12-04 11:57:00,24700CE,24100PE,75.3,2024-12-04 15:25:00,54.1,21.199999999999996,Time Exit,227
2024-12-05 09:20:00,24700CE,24250PE,68.9,2024-12-05 09:21:00,74.412,-5.5120000000000005,SL Hit,228
2024-12-05 09:21:00,24700CE,24250PE,74.69999999999999,2024-12-05 09:31:00,80.67599999999999,-5.975999999999999,SL Hit,228
2024-12-05 09:31:00,24700CE,24250PE,82.15,2024-12-05 09:35:00,88.72200000000001,-6.572000000000003,SL Hit,228
2024-12-05 09:35:00,24700CE,24250PE,89.44999999999999,2024-12-05 09:38:00,96.606,-7.156000000000006,SL Hit,228
2024-12-05 09:38:00,24700CE,24250PE,96.75,2024-12-05 09:46:00,104.49000000000001,-7.740000000000009,SL Hit,228
2024-12-05 09:46:00,24700CE,24250PE,108.0,2024-12-05 09:48:00,116.64000000000001,-8.640000000000015,SL Hit,228
2024-12-05 09:48:00,24700CE,24250PE,121.45,2024-12-05 10:58:00,131.16600000000003,-9.716000000000022,SL Hit,228
2024-12-05 10:58:00,24700CE,24250PE,139.1,2024-12-05 14:28:00,166.92,-27.819999999999993,Intra SL Hit,228
2024-12-06 09:20:00,25400CE,23800PE,57.0,2024-12-06 15:25:00,21.4,35.6,Time Exit,229
2024-12-09 09:20:00,25150CE,24100PE,54.400000000000006,2024-12-09 15:25:00,37.05,17.35000000000001,Time Exit,230
2024-12-10 09:20:00,24950CE,24300PE,69.75,2024-12-10 15:25:00,47.5,22.25,Time Exit,231
2024-12-11 09:20:00,24850CE,24400PE,56.8,2024-12-11 15:25:00,30.6,26.199999999999996,Time Exit,232
2024-12-12 09:20:00,24650CE,24600PE,56.6,2024-12-12 09:30:00,67.92,-11.32,Intra SL Hit,233
2024-12-13 09:20:00,24950CE,23900PE,61.8,2024-12-13 10:20:00,66.744,-4.944000000000003,SL Hit,234
2024-12-13 10:20:00,24950CE,23900PE,69.5,2024-12-13 10:21:00,75.06,-5.560000000000002,SL Hit,234
2024-12-13 10:21:00,24950CE,23900PE,77.55,2024-12-13 10:30:00,83.754,-6.204000000000008,SL Hit,234
2024-12-13 10:30:00,24950CE,23900PE,83.9,2024-12-13 10:32:00,90.61200000000001,-6.712000000000003,SL Hit,234
2024-12-13 10:32:00,24950CE,23900PE,96.85,2024-12-13 15:25:00,81.5,15.349999999999994,Time Exit,234
2024-12-16 09:20:00,25150CE,24250PE,50.45,2024-12-16 09:29:00,54.486000000000004,-4.036000000000001,SL Hit,235
2024-12-16 09:29:00,25150CE,24250PE,55.45,2024-12-16 09:33:00,59.88600000000001,-4.436000000000007,SL Hit,235
2024-12-16 09:33:00,25150CE,24250PE,59.900000000000006,2024-12-16 10:30:00,64.69200000000001,-4.792000000000002,SL Hit,235
2024-12-16 10:30:00,25150CE,24250PE,65.05,2024-12-16 11:14:00,78.05999999999999,-13.009999999999991,Intra SL Hit,235
2024-12-17 09:20:00,25000CE,24200PE,70.69999999999999,2024-12-17 10:20:00,76.356,-5.656000000000006,SL Hit,236
2024-12-17 10:20:00,25000CE,24200PE,80.0,2024-12-17 10:21:00,86.4,-6.400000000000006,SL Hit,236
2024-12-17 10:21:00,25000CE,24200PE,89.45,2024-12-17 10:40:00,96.60600000000001,-7.156000000000006,SL Hit,236
2024-12-17 10:40:00,25000CE,24200PE,102.2,2024-12-17 15:25:00,63.849999999999994,38.35000000000001,Time Exit,236
2024-12-18 09:20:00,24750CE,24050PE,57.35,2024-12-18 15:25:00,40.849999999999994,16.500000000000007,Time Exit,237
2024-12-19 09:20:00,24050CE,23700PE,63.5,2024-12-19 09:21:00,68.58,-5.079999999999998,SL Hit,238
2024-12-19 09:21:00,24050CE,23700PE,69.7,2024-12-19 15:25:00,0.15000000000000002,69.55,Time Exit,238
2024-12-20 09:20:00,24650CE,23250PE,56.45,2024-12-20 09:39:00,60.96600000000001,-4.516000000000005,SL Hit,239
2024-12-20 09:39:00,24650CE,23250PE,63.0,2024-12-20 09:51:00,68.04,-5.040000000000006,SL Hit,239
2024-12-20 09:51:00,24650CE,23250PE,68.85,2024-12-20 15:14:00,74.358,-5.50800000000001,SL Hit,239
2024-12-20 15:14:00,24650CE,23250PE,77.95,2024-12-20 15:25:00,67.45,10.5,Time Exit,239
2024-12-23 09:20:00,24200CE,23350PE,61.0,2024-12-23 15:25:00,25.200000000000003,35.8,Time Exit,240
2024-12-24 09:20:00,23950CE,23600PE,53.5,2024-12-24 09:32:00,64.2,-10.700000000000003,Intra SL Hit,241
2024-12-26 09:20:00,23950CE,23750PE,61.150000000000006,2024-12-26 10:07:00,73.38000000000001,-12.230000000000004,Intra SL Hit,242
2024-12-27 09:20:00,24300CE,23300PE,61.25,2024-12-27 15:25:00,29.65,31.6,Time Exit,243
2024-12-30 09:20:00,24100CE,23450PE,55.1,2024-12-30 11:32:00,59.508,-4.408000000000001,SL Hit,244
2024-12-30 11:32:00,24100CE,23450PE,61.949999999999996,2024-12-30 11:47:00,66.906,-4.95600000000001,SL Hit,244
2024-12-30 11:47:00,24100CE,23450PE,68.05,2024-12-30 11:50:00,81.66,-13.61,Intra SL Hit,244
2024-12-31 09:20:00,23900CE,23250PE,55.95,2024-12-31 09:39:00,60.42600000000001,-4.476000000000006,SL Hit,245
2024-12-31 09:39:00,23900CE,23250PE,60.650000000000006,2024-12-31 10:09:00,65.50200000000001,-4.852000000000004,SL Hit,245
2024-12-31 10:09:00,23900CE,23250PE,67.15,2024-12-31 10:52:00,72.522,-5.372,SL Hit,245
2024-12-31 10:52:00,23900CE,23250PE,74.1,2024-12-31 14:02:00,80.028,-5.9280000000000115,SL Hit,245
2024-12-31 14:02:00,23900CE,23250PE,80.9,2024-12-31 15:25:00,69.05,11.850000000000009,Time Exit,245
