Date,P_StartTime_1,P_EndTime_1,P_SL_1,P_UTSL_1,P_OM_1,Future_1,CE.Strike_1,CE.Price_1,CE.SL.Time_1,CE.PNL_1,PE.Strike_1,PE.Price_1,PE.SL.Time_1,PE.PNL_1,UT.Strike_1,UT.Price_1,UT.SL.Time_1,BPL_1,TT.PL.AT.SL_1,UT.PL.AT.SL_1,UT.PNL_1,Total.PNL_1,P_StartTime_2,P_EndTime_2,P_SL_2,P_UTSL_2,P_OM_2,Future_2,CE.Strike_2,CE.Price_2,CE.SL.Time_2,CE.PNL_2,PE.Strike_2,PE.Price_2,PE.SL.Time_2,PE.PNL_2,UT.Strike_2,UT.Price_2,UT.SL.Time_2,BPL_2,TT.PL.AT.SL_2,UT.PL.AT.SL_2,UT.PNL_2,Total.PNL_2,Total.PNL
01-01-2024,09:16:00,13:00:00,0,0,1,72087.38,71600CE,870.2,,-45.03,72800PE,771.8,,96.7525,,,,51.725,0,0,0,51.72,13:00:00,15:25:00,30,50,0.5,72219.01,72500CE,378.25,14:05:00,-118.2,72200PE,360.9,,-52.61,72200PE,283.8,,0,-118.2,72.58875,-125.2,-170.81125,-119.09
02-01-2024,09:16:00,13:00:00,0,0,1,72183.06,71600CE,838.8,,275.31,72900PE,770.1,,-536.82625,,,,-261.51125,0,0,0,-261.51,13:00:00,15:25:00,30,50,0.5,71785.71,71900CE,384.55,14:39:00,-120.17,71800PE,378.25,,37.52,71800PE,262.15,,0,-120.17,111.371875,-73.85,-82.648125,-344.16
03-01-2024,09:16:00,13:00:00,0,0,1,71694.79,71000CE,832.15,,118.6,72400PE,813.4,,-68.1675,,,,50.430625,0,0,0,50.43,13:00:00,15:25:00,30,50,0.5,71544.54,71400CE,413,,135.74,71800PE,408.35,15:05:00,-127.61,71400CE,299.75,,0,-127.609375,108.0875,27.65,8.13,58.56
04-01-2024,09:17:00,13:00:00,0,0,1,71624.57,70700CE,964.55,,-274.51,72400PE,793,,249.7875,,,,-24.719375,0,0,0,-24.72,13:00:00,15:25:00,30,50,0.5,71865.74,71600CE,389.75,,-40.02,72200PE,375.85,,95.901875,,,,55.88,0,0,0,55.88,31.16
05-01-2024,09:16:00,13:00:00,0,0,1,72136.72,71400CE,692.25,,148.95,72800PE,709.45,,-163.418125,,,,-14.47125,0,0,0,-14.47,13:00:00,15:25:00,30,50,0.5,71881.05,71600CE,338.2,15:02:00,-105.69,72300PE,370.35,,91.22,72300PE,265.15,,0,-105.69,100.570625,-9.35,-14.469375,-28.94
08-01-2024,09:24:00,13:00:00,0,0,1,72165.71,71700CE,726.05,,327.67,73000PE,926,,-527.225,,,,-199.550625,0,0,0,-199.55,13:00:00,15:25:00,30,50,0.5,71596.18,71700CE,389.3,,119.33,71600PE,389,14:34:00,-121.56,71700CE,317.2,,0,-121.5625,67.23375,52.1,-2.23,-201.78
09-01-2024,09:16:00,13:00:00,0,0,1,71825.86,71200CE,762.7,,-206.98,72500PE,745,,129.6875,,,,-77.29625,0,0,0,-77.3,13:00:00,15:25:00,30,50,0.5,72010.59,72000CE,373.45,,223.28,72100PE,369.85,14:12:00,-115.58,72000CE,240.85,,0,-115.578125,127.931875,95.35,107.7,30.4
10-01-2024,09:16:00,13:00:00,0,0,1,71401.26,70800CE,708.95,,98.04,72000PE,718.4,,-136.23,,,,-38.191875,0,0,0,-38.19,13:00:00,15:25:00,30,50,0.5,71255.82,71200CE,354.8,14:17:00,-110.88,71300PE,364.1,,257.35,71300PE,244.75,,0,-110.88,114.79875,142.55,146.46875,108.28
11-01-2024,09:16:00,13:00:00,0,0,1,71912.94,71200CE,800.3,,100.8,72700PE,787.85,,-92.298125,,,,8.498125,0,0,0,8.5,13:00:00,15:25:00,30,50,0.5,71800.84,71600CE,358.9,,64.41,72100PE,342.6,14:10:00,-107.06,71600CE,256.05,,0,-107.0625,98.36375,-33.95,-42.65,-34.15
12-01-2024,09:16:00,13:00:00,0,0,1,72062.79,71300CE,736.5,,-403.46,72800PE,779.15,,403.410625,,,,-0.045625,0,0,0,-0.05,13:00:00,15:25:00,30,50,0.5,72465.42,72100CE,361.95,13:42:00,-113.11,72800PE,366,,127.78,72800PE,262.4,,0,-113.11,99.025,28.75,14.665,14.61
15-01-2024,09:16:00,13:00:00,0,0,1,73064.23,72600CE,755,,-101.59,73500PE,728,,108.45,,,,6.8625,0,0,0,6.86,13:00:00,15:25:00,30,50,0.5,73187.46,73400CE,374.8,,-70.94,73000PE,386.6,,78.6675,,,,7.7325,0,0,0,7.73,14.59
16-01-2024,09:16:00,13:00:00,0,0,1,73202.83,72700CE,739.3,,26.96,73700PE,745,,2.3875,,,,29.34625,0,0,0,29.35,13:00:00,15:25:00,30,50,0.5,73168.97,73200CE,384.85,,35.44,73100PE,394.95,13:36:00,-123.42,73200CE,288.55,,0,-123.421875,91.489375,-56.05,-87.98,-58.63
17-01-2024,09:16:00,13:00:00,0,0,1,72391.89,72100CE,737.3,,417.78,73100PE,705.7,,-686.12125,,,,-268.3375,0,0,0,-268.34,13:00:00,15:25:00,30,50,0.5,71724.83,71900CE,400.6,,148.09,71600PE,379.55,15:06:00,-118.61,71900CE,224.15,,0,-118.609375,171.4425,-23.35,29.48,-238.86
18-01-2024,09:16:00,13:00:00,0,0,1,70955.07,70000CE,1091.8,,-88,71600PE,779.15,,187.510625,,,,99.513125,0,0,0,99.51,13:00:00,15:25:00,30,50,0.5,71142.65,71000CE,360.3,,-102.25,71300PE,385.35,,139.483125,,,,37.229375,0,0,0,37.23,136.74
19-01-2024,09:16:00,13:00:00,0,0,1,71782.95,71000CE,872.55,,166.14,72700PE,847.4,,-180.3925,,,,-14.249375,0,0,0,-14.25,13:00:00,15:25:00,30,50,0.5,71671.8,71300CE,403.95,,15.95,72100PE,417.3,,-5.26625,,,,10.684375,0,0,0,10.68,-3.57
20-01-2024,09:16:00,13:00:00,0,0,1,71978.56,71600CE,763.2,,162.96,72500PE,755.75,,-74.346875,,,,88.613125,0,0,0,88.61,13:00:00,15:25:00,30,50,0.5,71740.81,72000CE,377.4,,82.68,71700PE,365,14:43:00,-114.06,72000CE,291.95,,0,-114.0625,80.7325,1.95,-31.38,57.23
23-01-2024,09:16:00,13:00:00,0,0,1,71991.32,71400CE,717.8,,513.13,72600PE,742.75,,-1067.384375,,,,-554.256875,0,0,0,-554.26,13:00:00,15:25:00,30,50,0.5,70764.23,70900CE,381.35,,194.33,70600PE,370.05,14:22:00,-115.64,70900CE,228,,0,-115.640625,148.583125,45.75,78.69,-475.57
24-01-2024,09:17:00,13:00:00,0,0,1,70172.42,69500CE,799.5,,-379.49,70800PE,774,,391.225,,,,11.73125,0,0,0,11.73,13:00:00,15:25:00,30,50,0.5,70595.1,70600CE,356.7,14:30:00,-111.47,70800PE,373.1,,257.04,70800PE,217.25,,0,-111.47,151.18625,105.85,145.56625,157.3
25-01-2024,09:16:00,13:00:00,0,0,1,70891.42,70300CE,781.7,,577.78,71700PE,766.25,,-557.728125,,,,20.050625,0,0,0,20.05,13:00:00,15:25:00,30,50,0.5,70386.52,70100CE,358.45,15:05:00,-112.02,70800PE,386.25,,244.92,70800PE,240.05,,0,-112.02,141.371875,103.55,132.901875,152.95
29-01-2024,09:16:00,13:00:00,0,0,1,71113.96,71000CE,745.2,,-669.36,71300PE,703.8,,222.0525,,,,-447.3125,0,0,0,-447.31,13:00:00,15:25:00,30,50,0.5,71848.1,73000CE,361.85,,34.83,70900PE,352,,88.05,,,,122.876875,0,0,0,122.88,-324.43
30-01-2024,09:16:00,13:00:00,0,0,1,72094.62,72100CE,766.6,,238.07,72300PE,757.25,,-216.615625,,,,21.451875,0,0,0,21.45,13:00:00,15:25:00,30,50,0.5,71681.42,72500CE,363.9,,149.35,71100PE,376.8,14:31:00,-117.75,72500CE,259.65,,0,-117.75,99.70125,49.65,31.6,53.05
31-01-2024,09:16:00,13:00:00,0,0,1,70963.85,70900CE,740,,-319.25,71300PE,754.7,,367.66625,,,,48.41625,0,0,0,48.42,13:00:00,15:25:00,30,50,0.5,71648.01,72200CE,364.45,15:05:00,-113.89,71300PE,377.6,,-10.77,71300PE,332.2,,0,-113.89,40.68,-51.45,-124.66,-76.24
01-02-2024,09:16:00,13:00:00,0,0,1,71809.6,71500CE,740,,243.2,72200PE,758.15,,139.723125,,,,382.923125,0,0,0,382.92,13:00:00,15:25:00,30,50,0.5,71729.04,71700CE,372.35,,120.7,71800PE,357.75,,35.728125,,,,156.42375,0,0,0,156.42,539.34
02-02-2024,09:16:00,13:00:00,0,0,1,72202.08,71500CE,762.95,,11.56,73000PE,776.65,,-47.708125,,,,-36.145,0,0,0,-36.14,13:00:00,15:25:00,30,50,0.5,72221.43,71900CE,398.8,,208.96,72500PE,383.2,13:13:00,-119.75,71900CE,271.35,,0,-119.75,122.465,86.5,89.22,53.08
05-02-2024,09:16:00,13:00:00,0,0,1,72032.39,72000CE,732.45,,-73.41,72200PE,709.7,,153.82875,,,,80.423125,0,0,0,80.42,13:00:00,15:25:00,30,50,0.5,72272.25,72800CE,385.85,,179.43,71800PE,392.95,14:35:00,-122.8,72800CE,249.7,,0,-122.796875,131.326875,48.1,56.63,137.05
06-02-2024,09:16:00,13:00:00,0,0,1,71782.06,71600CE,732.4,,-139.16,72100PE,739.8,,180.2525,,,,41.0975,0,0,0,41.1,13:00:00,15:25:00,30,50,0.5,72084.2,72500CE,373.6,,-38.37,71600PE,362.1,,58.77375,,,,20.40375,0,0,0,20.4,61.5
07-02-2024,09:16:00,13:00:00,0,0,1,72535.77,72200CE,692.7,,285.19,73000PE,722.9,,-366.13625,,,,-80.945,0,0,0,-80.94,13:00:00,15:25:00,30,50,0.5,72030.56,72300CE,352.55,14:11:00,-110.17,71800PE,364,,112.05,71800PE,223.2,,0,-110.17,136.25,-24.2,1.88,-79.06
08-02-2024,09:16:00,13:00:00,0,0,1,72353.76,71900CE,716.15,,490.55,73000PE,743.15,,-545.989375,,,,-55.44125,0,0,0,-55.44,13:00:00,15:25:00,30,50,0.5,71661.91,71600CE,370.85,,100.06,71900PE,394.15,14:05:00,-123.17,71600CE,227.75,,0,-123.171875,138.464375,-38.4,-23.11,-78.55
09-02-2024,09:16:00,13:00:00,0,0,1,71316.33,70500CE,856.65,,-165.86,72100PE,847.1,,227.96125,,,,62.103125,0,0,0,62.1,13:00:00,15:25:00,30,50,0.5,71518.12,71100CE,416.95,,-78.51,71900PE,420,,106.75,,,,28.238125,0,0,0,28.24,90.34
12-02-2024,09:16:00,13:00:00,0,0,1,71570.51,71500CE,753.75,,298.08,71800PE,703.4,,-280.3925,,,,17.685625,0,0,0,17.69,13:00:00,15:25:00,30,50,0.5,71013.8,71700CE,365.9,,-8.72,70500PE,375.35,,81.108125,,,,72.384375,0,0,0,72.38,90.07
13-02-2024,09:16:00,13:00:00,0,0,1,71301.93,71100CE,704.75,,-54.06,71700PE,730.95,,158.413125,,,,104.35375,0,0,0,104.35,13:00:00,15:25:00,30,50,0.5,71472.47,71800CE,358.25,,-26.63,71200PE,342.05,,17.774375,,,,-8.85375,0,0,0,-8.85,95.5
14-02-2024,09:16:00,13:00:00,0,0,1,70949.03,70500CE,802.05,,-219.08,71600PE,794,,250.325,,,,31.249375,0,0,0,31.25,13:00:00,15:25:00,30,50,0.5,71331.82,71500CE,359.75,14:23:00,-112.42,71300PE,381.1,,221.09,71300PE,270.2,,0,-112.42,106.13625,114.95,108.66625,139.92
15-02-2024,09:17:00,13:00:00,0,0,1,72037.44,71500CE,726.1,,147.62,72700PE,748.75,,-135.209375,,,,12.414375,0,0,0,12.41,13:00:00,15:25:00,30,50,0.5,71807.49,71800CE,380.2,13:40:00,-118.81,72000PE,401.05,,210.04,72000PE,253,,0,-118.81,143.036875,67,91.226875,103.64
16-02-2024,09:16:00,13:00:00,0,0,1,72356.49,71700CE,695,,-67.04,73000PE,713.3,,128.53375,,,,61.49625,0,0,0,61.5,13:00:00,15:25:00,30,50,0.5,72470.42,72100CE,357.05,,26.54,72800PE,394.8,,16.865,,,,43.401875,0,0,0,43.4,104.9
19-02-2024,09:16:00,13:00:00,0,0,1,72528.34,72200CE,810.3,,-137.48,73000PE,786.1,,124.97375,,,,-12.505,0,0,0,-12.5,13:00:00,15:25:00,30,50,0.5,72788.3,73200CE,372.2,,71.45,72300PE,365.45,,-26.018125,,,,45.429375,0,0,0,45.43,32.93
20-02-2024,09:16:00,13:00:00,0,0,1,72587.23,72000CE,900,,-225.1,73000PE,737.1,,177.88625,,,,-47.21375,0,0,0,-47.21,13:00:00,15:25:00,30,50,0.5,72919.65,73200CE,358.8,,-34.29,72500PE,343.9,,62.55125,,,,28.26625,0,0,0,28.27,-18.94
21-02-2024,09:16:00,13:00:00,0,0,1,73082.31,72600CE,726.2,,-18.63,73500PE,708.3,,126.44625,,,,107.81875,0,0,0,107.82,13:00:00,15:25:00,30,50,0.5,73179.16,73200CE,353.15,,221.49,73100PE,357.05,13:48:00,-111.58,73200CE,280.95,,0,-111.578125,67.785625,153.7,109.91,217.73
22-02-2024,09:16:00,13:00:00,0,0,1,72641.36,72100CE,692.55,,275.54,73200PE,721.75,,-237.271875,,,,38.27125,0,0,0,38.27,13:00:00,15:25:00,30,50,0.5,72309.58,72200CE,353.4,13:41:00,-110.44,72400PE,357,,319.14,72400PE,224.8,,0,-110.44,127.7375,191.4,208.6975,246.97
23-02-2024,09:16:00,13:00:00,0,0,1,73255.53,72600CE,741.8,,20.28,74000PE,722,,10.525,,,,30.8025,0,0,0,30.8,13:00:00,15:25:00,30,50,0.5,73298.57,72900CE,416.9,,165.34,73700PE,413,13:25:00,-129.06,72900CE,299.9,,0,-129.0625,111.78875,53.55,36.28,67.08
26-02-2024,09:16:00,13:00:00,0,0,1,72960.29,72800CE,745.8,,36.13,73300PE,747.3,,0.00875,,,,36.13625,0,0,0,36.14,13:00:00,15:25:00,30,50,0.5,72835.24,73500CE,364.75,,39.39,72500PE,371.65,,-7.495625,,,,31.895,0,0,0,31.89,68.03
27-02-2024,09:16:00,13:00:00,0,0,1,72740.68,72500CE,766.5,,-180.53,73300PE,791.15,,200.960625,,,,20.429375,0,0,0,20.43,13:00:00,15:25:00,30,50,0.5,73116.75,73500CE,353,,40.64,72800PE,366.9,,12.31375,,,,52.95125,0,0,0,52.95,73.38
28-02-2024,09:16:00,13:00:00,0,0,1,73135.22,72700CE,746.35,,359.62,73600PE,730.25,,-428.878125,,,,-69.2575,0,0,0,-69.26,13:00:00,15:25:00,30,50,0.5,72408.31,72700CE,377.4,,115.63,72100PE,364.15,,9.598125,,,,125.230625,0,0,0,125.23,55.97
29-02-2024,09:16:00,13:00:00,0,0,1,72334.51,71800CE,764.3,,-11.4,72900PE,765.05,,158.486875,,,,147.083125,0,0,0,147.08,13:00:00,15:25:00,30,50,0.5,72371.92,72400CE,365.4,,-86.87,72500PE,363.45,,180.156875,,,,93.289375,0,0,0,93.29,240.37
01-03-2024,09:16:00,13:00:00,0,0,1,72881.16,72100CE,795,,-697.79,73600PE,785,,629.4375,,,,-68.35,0,0,0,-68.35,13:00:00,15:25:00,30,50,0.5,73548.3,73300CE,366.25,15:04:00,-114.45,73900PE,344.1,,186.4,73900PE,147.5,,0,-114.45,192.29875,-5.9,71.94875,3.6
04-03-2024,09:18:00,13:00:00,0,0,1,73946.84,73500CE,815.1,,132.31,74500PE,801.85,,-22.073125,,,,110.238125,0,0,0,110.24,13:00:00,15:25:00,30,50,0.5,73855.32,74000CE,384.5,,11.24,73700PE,377.3,,16.58375,,,,27.8275,0,0,0,27.83,138.07
05-03-2024,09:16:00,13:00:00,0,0,1,73621.04,73100CE,775.15,,-171.89,74200PE,708.15,,190.448125,,,,18.55875,0,0,0,18.56,13:00:00,15:25:00,30,50,0.5,73915.23,73900CE,376.55,,154.94,74000PE,397.35,13:52:00,-124.17,73900CE,246.7,,0,-124.171875,125.143125,29.8,30.77,49.33
06-03-2024,09:16:00,13:00:00,0,0,1,73526.12,72600CE,1011.1,,103.56,74300PE,829.5,,51.93125,,,,155.4925,0,0,0,155.49,13:00:00,15:25:00,30,50,0.5,73471.84,73300CE,409.55,13:41:00,-127.98,73800PE,409.6,,299.68,73800PE,304.25,,0,-127.98,100.23,199.45,171.7,327.19
07-03-2024,09:17:00,13:00:00,0,0,1,74132.77,73300CE,862.9,,43.81,75000PE,855.95,,-52.449375,,,,-8.635625,0,0,0,-8.64,13:00:00,15:25:00,30,50,0.5,74142.54,73700CE,420,,-1.15,74500PE,398.95,,9.113125,,,,7.963125,0,0,0,7.96,-0.68
11-03-2024,09:16:00,13:00:00,0,0,1,74125.16,73800CE,767.2,,222.66,74700PE,809.4,,-267.9675,,,,-45.3075,0,0,0,-45.31,13:00:00,15:25:00,30,50,0.5,73778.01,74100CE,383.05,,113.26,73600PE,367.85,15:13:00,-114.95,74100CE,265.55,,0,-114.953125,112.711875,0.55,-1.69,-47
12-03-2024,09:16:00,13:00:00,0,0,1,73560.36,73200CE,730.6,,-99.93,74100PE,731.2,,129.46,,,,29.5275,0,0,0,29.53,13:00:00,15:25:00,30,50,0.5,73721.7,73900CE,376.5,,-7.51,73700PE,386.65,,6.166875,,,,-1.339375,0,0,0,-1.34,28.19
13-03-2024,09:16:00,13:00:00,0,0,1,73908.77,73500CE,699.6,,396.71,74500PE,724.1,,-585.30125,,,,-188.59625,0,0,0,-188.6,13:00:00,15:25:00,30,50,0.5,73111.3,73300CE,379.9,,211.05,73100PE,383.1,13:50:00,-119.72,73300CE,296,,0,-119.71875,79.15125,131.9,91.33,-97.27
14-03-2024,09:16:00,13:00:00,0,0,1,72664.24,72000CE,816,,-614.2,73400PE,821.65,,484.729375,,,,-129.470625,0,0,0,-129.47,13:00:00,15:25:00,30,50,0.5,73212.02,73200CE,370.8,,158.57,73500PE,377.45,13:39:00,-117.95,73200CE,275.1,,0,-117.953125,91.065,67.5,40.61,-88.86
15-03-2024,09:16:00,13:00:00,0,0,1,72914.37,72000CE,931.9,,306.85,73700PE,819.5,,-294.64375,,,,12.2075,0,0,0,12.21,13:00:00,15:25:00,30,50,0.5,72615.89,72200CE,416.55,,-32.01,73000PE,406.45,,45.719375,,,,13.7125,0,0,0,13.71,25.92
18-03-2024,09:16:00,13:00:00,0,0,1,72568.53,72400CE,713.45,,-99.42,73000PE,717.2,,142.635,,,,43.216875,0,0,0,43.22,13:00:00,15:25:00,30,50,0.5,72789.81,73200CE,354.65,,50.57,72500PE,349.9,,6.07625,,,,56.643125,0,0,0,56.64,99.86
19-03-2024,09:16:00,13:00:00,0,0,1,72399.77,72000CE,776.05,,157,73100PE,761.9,,-242.97375,,,,-85.974375,0,0,0,-85.97,13:00:00,15:25:00,30,50,0.5,72144.99,72400CE,393.95,,87.18,72200PE,409.1,,-68.01375,,,,19.161875,0,0,0,19.16,-66.81
20-03-2024,09:16:00,13:00:00,0,0,1,72203.07,71700CE,755.45,,-0.09,72900PE,774.55,,14.818125,,,,14.725,0,0,0,14.73,13:00:00,15:25:00,30,50,0.5,72190.54,72300CE,360.85,,37.44,72300PE,370.3,,-38.57875,,,,-1.139375,0,0,0,-1.14,13.59
21-03-2024,09:16:00,13:00:00,0,0,1,72662.17,72000CE,781.35,,33.73,73400PE,764.35,,1.795625,,,,35.52875,0,0,0,35.53,13:00:00,15:25:00,30,50,0.5,72630.42,72500CE,352,,-38.9,72900PE,363.65,,101.204375,,,,62.304375,0,0,0,62.3,97.83
22-03-2024,09:16:00,13:00:00,0,0,1,72429.62,71800CE,740.2,,-368.9,73200PE,716,,397.05,,,,28.1475,0,0,0,28.15,13:00:00,15:25:00,30,50,0.5,72851.26,72500CE,426.35,14:45:00,-133.23,73300PE,402.75,,-72.98,73300PE,264.7,15:05:00,0,-133.23,133.015625,-132.35,-132.564375,-104.41
26-03-2024,09:16:00,13:00:00,0,0,1,72627.03,72200CE,784.1,,-27.6,73500PE,820.3,,80.04625,,,,52.445,0,0,0,52.44,13:00:00,15:25:00,30,50,0.5,72665.78,72800CE,364,,54.5,72900PE,354.65,,-38.983125,,,,15.516875,0,0,0,15.52,67.96
27-03-2024,09:17:00,13:00:00,0,0,1,72639.52,72000CE,810,,-287.22,73700PE,998.3,,313.32125,,,,26.09625,0,0,0,26.1,13:00:00,15:25:00,30,50,0.5,73053.4,72800CE,377.85,,-46.67,73300PE,356.9,,68.43875,,,,21.765625,0,0,0,21.77,47.87
28-03-2024,09:16:00,13:00:00,0,0,1,73162.15,72400CE,848,,-734.6,74100PE,868.5,,632.94375,,,,-101.65625,0,0,0,-101.66,13:00:00,15:25:00,30,50,0.5,73890.76,73600CE,383.4,13:53:00,-119.81,74300PE,380.95,15:02:00,-119.05,74300PE,285.5,15:01:00,0,-119.81,90.688125,-142.75,-171.871875,-273.53
01-04-2024,09:17:00,13:00:00,0,0,1,74141.35,73700CE,759.15,,37.71,74500PE,700,,57.8,,,,95.510625,0,0,0,95.51,13:00:00,15:25:00,30,50,0.5,74017.81,74300CE,369,,5.24,73900PE,347.8,,10.1525,,,,15.39,0,0,0,15.39,110.9
02-04-2024,09:16:00,13:00:00,0,0,1,73891.77,73500CE,712.25,,65.55,74500PE,730.7,,-0.28375,,,,65.263125,0,0,0,65.26,13:00:00,15:25:00,30,50,0.5,73833.53,73900CE,395.35,,-51.94,74000PE,406.4,,49.32,,,,-2.621875,0,0,0,-2.62,62.64
03-04-2024,09:16:00,13:00:00,0,0,1,73617.79,73100CE,713,,-374.06,74300PE,740.1,,286.04875,,,,-88.01375,0,0,0,-88.01,13:00:00,15:25:00,30,50,0.5,74093.8,74000CE,397.6,,93.93,74200PE,390.55,,-72.481875,,,,21.448125,0,0,0,21.45,-66.56
04-04-2024,09:16:00,13:00:00,0,0,1,74379.62,73700CE,742.8,,192.06,75000PE,718.95,,-214.536875,,,,-22.471875,0,0,0,-22.47,13:00:00,15:25:00,30,50,0.5,74087.95,73900CE,402.85,13:24:00,-125.89,74300PE,374.75,,168.02,74300PE,281.9,,0,-125.89,88.165625,79.85,42.125625,19.66
05-04-2024,09:16:00,13:00:00,0,0,1,74103.75,73400CE,707.25,,-54.44,74700PE,708.25,,140.896875,,,,86.45625,0,0,0,86.46,13:00:00,15:25:00,30,50,0.5,74158.58,73800CE,363.5,,-89.04,74500PE,365.35,,109.783125,,,,20.739375,0,0,0,20.74,107.2
08-04-2024,09:16:00,13:00:00,0,0,1,74484.33,74000CE,761.6,,-156.27,75000PE,752.25,,186.696875,,,,30.426875,0,0,0,30.43,13:00:00,15:25:00,30,50,0.5,74809.54,74800CE,380.85,,-5.96,74600PE,364.85,,-2.710625,,,,-8.67125,0,0,0,-8.67,21.76
09-04-2024,09:16:00,13:00:00,0,0,1,74931.33,74400CE,735.85,,65.45,75500PE,725,,-14.0625,,,,51.389375,0,0,0,51.39,13:00:00,15:25:00,30,50,0.5,74838.56,74800CE,389.65,,84.63,75000PE,407.9,14:15:00,-127.47,74800CE,289,,0,-127.46875,95.779375,-11.15,-42.84,8.55
10-04-2024,09:16:00,13:00:00,0,0,1,74891.62,74200CE,733.4,,-1.67,75500PE,737.3,,53.78375,,,,52.11625,0,0,0,52.12,13:00:00,15:25:00,30,50,0.5,74872.16,74600CE,412.25,15:07:00,-128.83,75100PE,379.15,,56.51,75100PE,283.35,,0,-128.83,91.060625,-34.55,-72.319375,-20.2
12-04-2024,09:16:00,13:00:00,0,0,1,74829.35,74100CE,726.3,,341.37,75500PE,720.65,,-377.808125,,,,-36.436875,0,0,0,-36.44,13:00:00,15:25:00,30,50,0.5,74481.6,74100CE,375.85,,225.15,74700PE,355.3,13:05:00,-111.03,74100CE,284.65,,0,-111.03125,86.501875,138.65,114.12,77.68
15-04-2024,09:16:00,13:00:00,0,0,1,73656.89,73600CE,710.3,,141.32,74100PE,716.1,,63.64875,,,,204.97,0,0,0,204.97,13:00:00,15:25:00,30,50,0.5,73671.95,73900CE,391.2,,107.71,73600PE,406.75,,-78.434375,,,,29.275625,0,0,0,29.28,234.25
16-04-2024,09:16:00,13:00:00,0,0,1,72881.11,72600CE,866.45,,282.12,73700PE,798,,-78.325,,,,203.794375,0,0,0,203.79,13:00:00,15:25:00,30,50,0.5,72826.04,72900CE,388.7,,-73.76,72900PE,398.55,,64.918125,,,,-8.840625,0,0,0,-8.84,194.95
18-04-2024,09:16:00,13:00:00,0,0,1,73226.82,72600CE,719.5,,-110.49,73900PE,750.65,,126.466875,,,,15.973125,0,0,0,15.97,13:00:00,15:25:00,30,50,0.5,73371.21,73200CE,359,,272.06,73500PE,341.55,13:26:00,-106.73,73200CE,155.85,13:32:00,0,-106.734375,198.6625,-77.92,14,29.97
19-04-2024,09:16:00,13:00:00,0,0,1,71919,71300CE,753.3,,-607.12,72700PE,783.2,,545.06,,,,-62.05625,0,0,0,-62.06,13:00:00,15:25:00,30,50,0.5,72706.02,72400CE,391,13:51:00,-122.19,73000PE,404.85,,399.74,73000PE,274.15,,0,-122.19,125.639375,274.1,277.549375,215.49
22-04-2024,09:16:00,13:00:00,0,0,1,73506.26,73000CE,822.3,,71.22,74000PE,865.55,,35.330625,,,,106.551875,0,0,0,106.55,13:00:00,15:25:00,30,50,0.5,73397.52,73600CE,390,15:13:00,-121.88,73200PE,408.45,,124.49,73200PE,291.35,,0,-121.88,111.994375,12.5,2.614375,109.16
23-04-2024,09:16:00,13:00:00,0,0,1,73877.55,73300CE,733.55,,-16.37,74300PE,717.7,,79.42875,,,,63.059375,0,0,0,63.06,13:00:00,15:25:00,30,50,0.5,73868.93,73900CE,360.05,,37.95,73800PE,344.5,,-66.65625,,,,-28.706875,0,0,0,-28.71,34.35
24-04-2024,09:16:00,13:00:00,0,0,1,73944.07,73400CE,681.7,,-45.42,74500PE,723.75,,93.503125,,,,48.081875,0,0,0,48.08,13:00:00,15:25:00,30,50,0.5,74012.97,73900CE,373.35,,33.28,74100PE,367.05,,-27.938125,,,,5.345,0,0,0,5.35,53.43
25-04-2024,09:16:00,13:00:00,0,0,1,73664.19,73000CE,784.95,,-237.06,74500PE,823.65,,257.554375,,,,20.4925,0,0,0,20.49,13:00:00,15:25:00,30,50,0.5,73967.09,73800CE,401.9,13:45:00,-125.59,74300PE,409.45,,181.68,74300PE,363.7,,0,-125.59,40.631875,141.05,56.091875,76.58
26-04-2024,09:16:00,13:00:00,0,0,1,74446.64,73600CE,840.75,,339.59,75200PE,823.9,,-332.29875,,,,7.291875,0,0,0,7.29,13:00:00,15:25:00,30,50,0.5,74100.99,73700CE,405.25,,369.13,74400PE,368.7,13:26:00,-115.22,73700CE,310.5,,0,-115.21875,89.684375,279.45,253.92,261.21
29-04-2024,09:17:00,13:00:00,0,0,1,73974.77,73600CE,807.9,,-267.85,75000PE,987.95,,265.600625,,,,-2.248125,0,0,0,-2.25,13:00:00,15:25:00,30,50,0.5,74425.15,74600CE,386.5,14:57:00,-120.78,74400PE,392.45,,79.64,74400PE,309.85,,0,-120.78,77.694375,1.95,-41.135625,-43.39
30-04-2024,09:16:00,13:00:00,0,0,1,74802.67,74300CE,715,,-99.89,75400PE,744.75,,88.140625,,,,-11.746875,0,0,0,-11.75,13:00:00,15:25:00,30,50,0.5,74944.67,74900CE,392.5,,188.04,75000PE,406.65,15:00:00,-127.08,74900CE,256.8,,0,-127.078125,130.79375,57.25,60.97,49.22
02-05-2024,09:17:00,13:00:00,0,0,1,74653.9,74100CE,703.4,,-65.04,75300PE,730,,116.825,,,,51.7825,0,0,0,51.78,13:00:00,15:25:00,30,50,0.5,74726.99,74600CE,381.4,,95.03,75000PE,400.15,,-10.251875,,,,84.780625,0,0,0,84.78,136.56
03-05-2024,09:16:00,13:00:00,0,0,1,75024.17,74200CE,830.95,,788.26,75800PE,831.7,,-1267.39625,,,,-479.133125,0,0,0,-479.13,13:00:00,15:25:00,30,50,0.5,73648.55,73300CE,370,13:29:00,-115.62,73900PE,383.15,13:52:00,-119.73,73900PE,266.05,13:35:00,0,-115.62,112.310625,-133.03,-136.334375,-615.46
06-05-2024,09:16:00,13:00:00,0,0,1,74065.37,73800CE,734.95,,62.71,74500PE,710.2,,-55.7775,,,,6.935625,0,0,0,6.94,13:00:00,15:25:00,30,50,0.5,73964.32,74400CE,355.9,,33.15,73700PE,361.55,,4.730625,,,,37.881875,0,0,0,37.88,44.82
07-05-2024,09:16:00,13:00:00,0,0,1,73945.85,73600CE,714.5,,323.87,74400PE,707.4,,-462.0425,,,,-138.17375,0,0,0,-138.17,13:00:00,15:25:00,30,50,0.5,73364.81,73600CE,381.7,,-69.27,73200PE,371.2,,81.41,,,,12.13875,0,0,0,12.14,-126.03
08-05-2024,09:16:00,13:00:00,0,0,1,73175.66,72800CE,710.75,,-356.13,73700PE,702.05,,335.124375,,,,-21.01,0,0,0,-21.01,13:00:00,15:25:00,30,50,0.5,73615.12,73800CE,352.95,,97.59,73700PE,358.15,13:37:00,-111.92,73800CE,290.85,,0,-111.921875,57.688125,39.9,-14.33,-35.34
09-05-2024,09:16:00,13:00:00,0,0,1,73407.21,72900CE,740,,492.5,74100PE,709.1,,-442.46375,,,,50.03625,0,0,0,50.04,13:00:00,15:25:00,30,50,0.5,72698.6,72600CE,404.25,,197.15,73000PE,418.75,14:44:00,-130.86,72600CE,265.6,,0,-130.859375,133.596875,63.55,66.29,116.33
10-05-2024,09:16:00,13:00:00,0,0,1,72501.13,71900CE,741.55,,130.83,73300PE,783.2,,-35.74,,,,95.090625,0,0,0,95.09,13:00:00,15:25:00,30,50,0.5,72416.45,72100CE,415.15,13:30:00,-129.73,72900PE,429.6,,186.78,72900PE,300.9,,0,-129.73,123.33,63.45,57.05,152.14
13-05-2024,09:16:00,13:00:00,0,0,1,72406.21,72300CE,715.6,,-20.34,73000PE,723.15,,48.310625,,,,27.965625,0,0,0,27.97,13:00:00,15:25:00,30,50,0.5,72512.52,72900CE,379.8,14:00:00,-118.69,72400PE,391.25,13:31:00,-122.27,72900CE,278.15,13:54:00,0,-122.27,96.9025,-139.07,-164.4425,-136.47
14-05-2024,09:16:00,13:00:00,0,0,1,72986.82,72600CE,749.1,,-74.21,73600PE,752.2,,116.3475,,,,42.13375,0,0,0,42.13,13:00:00,15:25:00,30,50,0.5,73120.69,73300CE,370.15,,17.52,73100PE,369,,11.5375,,,,29.060625,0,0,0,29.06,71.19
15-05-2024,09:16:00,13:00:00,0,0,1,73180.08,72600CE,805.6,,189.98,73900PE,798.5,,-201.23125,,,,-11.25125,0,0,0,-11.25,13:00:00,15:25:00,30,50,0.5,72948.5,73000CE,372.95,,-43.46,73000PE,377.85,,81.226875,,,,37.765,0,0,0,37.77,26.52
16-05-2024,09:16:00,13:00:00,0,0,1,73289.13,72700CE,712.8,,247.34,73900PE,698.55,,-390.331875,,,,-142.991875,0,0,0,-142.99,13:00:00,15:25:00,30,50,0.5,72814.04,72800CE,397.7,14:40:00,-124.28,73000PE,384.4,13:16:00,-120.12,72800CE,327.6,14:40:00,0,-120.12,65.12875,-163.8,-218.79125,-361.78
17-05-2024,09:16:00,13:00:00,0,0,1,73605.99,72800CE,791.3,,-293.64,74300PE,819.55,,365.655625,,,,72.014375,0,0,0,72.01,13:00:00,15:25:00,30,50,0.5,73915.64,73500CE,401.85,13:34:00,-125.58,74300PE,443.65,,54.05,74300PE,328.05,,0,-125.58,110.054375,-56,-71.525625,0.48
21-05-2024,09:16:00,13:00:00,0,0,1,73856.52,73600CE,765.3,,-91.42,74500PE,797.5,,241.53125,,,,150.115,0,0,0,150.11,13:00:00,15:25:00,30,50,0.5,74180.13,74400CE,365.85,,78.83,74100PE,351.25,15:00:00,-109.77,74400CE,284.3,,0,-109.765625,76.976875,1.85,-30.94,119.17
22-05-2024,09:16:00,13:00:00,0,0,1,74036.98,73600CE,730.5,,-10.33,74600PE,707.95,,48.650625,,,,38.319375,0,0,0,38.32,13:00:00,15:25:00,30,50,0.5,74083.25,74200CE,350.2,,-48.83,74100PE,351.05,,91.211875,,,,42.384375,0,0,0,42.38,80.7
23-05-2024,09:16:00,13:00:00,0,0,1,74230.7,73600CE,806.5,,-641.13,75000PE,785.5,,446.93125,,,,-194.2,0,0,0,-194.2,13:00:00,15:25:00,30,50,0.5,75023.84,75000CE,377.9,14:23:00,-118.09,75100PE,378.6,,228.27,75100PE,259,,0,-118.09,114.8675,113.4,110.1775,-84.02
24-05-2024,09:16:00,13:00:00,0,0,1,75292.8,74600CE,789.5,,-101.02,76100PE,806.6,,159.0175,,,,57.99875,0,0,0,58,13:00:00,15:25:00,30,50,0.5,75516.53,75000CE,487.3,,67.96,75900PE,447.05,,-45.188125,,,,22.770625,0,0,0,22.77,80.77
27-05-2024,09:16:00,13:00:00,0,0,1,75628.22,75300CE,739.25,,-216.99,76000PE,768.2,,255.4975,,,,38.506875,0,0,0,38.51,13:00:00,15:25:00,30,50,0.5,75854.14,76200CE,408.45,,156.44,75800PE,415.95,14:50:00,-129.98,76200CE,283.05,,0,-129.984375,120.294375,36.15,26.46,64.97
28-05-2024,09:16:00,13:00:00,0,0,1,75530.19,75100CE,796.45,,107.49,76100PE,819.85,,6.551875,,,,114.04625,0,0,0,114.05,13:00:00,15:25:00,30,50,0.5,75377.3,75600CE,390.75,,31.07,75300PE,393.25,,-17.115625,,,,13.95,0,0,0,13.95,128
29-05-2024,09:16:00,13:00:00,0,0,1,74839.41,74600CE,724.5,,157.44,75600PE,735.95,,-162.099375,,,,-4.655625,0,0,0,-4.66,13:00:00,15:25:00,30,50,0.5,74640.69,74900CE,389.65,,62.08,74800PE,391.4,,-52.2925,,,,9.786875,0,0,0,9.79,5.13
30-05-2024,09:16:00,13:00:00,0,0,1,74288.2,73900CE,726.1,,122.87,75000PE,710.25,,-78.628125,,,,44.245625,0,0,0,44.25,13:00:00,15:25:00,30,50,0.5,74199.43,74200CE,403.7,,203.25,74500PE,420.25,13:34:00,-131.33,74200CE,283.65,,0,-131.328125,115.00375,88.25,71.93,116.18
31-05-2024,09:16:00,13:00:00,0,0,1,74167.68,73600CE,725,,234.14,74900PE,725.75,,-142.071875,,,,92.065625,0,0,0,92.07,13:00:00,15:25:00,30,50,0.5,74001.33,73700CE,389.6,13:46:00,-121.75,74400PE,385.3,14:32:00,-120.41,74400PE,261.75,14:19:00,0,-121.75,118.73375,-130.88,-133.89125,-41.82
03-06-2024,09:16:00,13:00:00,0,0,1,76027.93,77000CE,781.3,,-44.22,74600PE,859.25,,411.659375,,,,367.443125,0,0,0,367.44,13:00:00,15:25:00,30,50,0.5,76294.09,78500CE,402.45,15:10:00,-125.77,74500PE,401.55,,-8.02,74500PE,411.9,,0,-125.77,-15.369375,7.35,-133.789375,233.65
04-06-2024,09:16:00,13:00:00,0,0,1,75352.3,75300CE,872.15,,216,75700PE,800,,-4214.35,,,,-3998.351875,0,0,0,-3998.35,13:01:00,15:25:00,30,50,0.5,71943.14,77100CE,356.8,,165.84,71600PE,685,13:27:00,-214.06,77100CE,370.7,,0,-214.0625,-18.36,184.2,-48.22,-4046.57
05-06-2024,09:16:00,13:00:00,0,0,1,72761.46,73700CE,713.7,,16.73,72000PE,727.2,,471.71,,,,488.43875,0,0,0,488.44,13:00:00,15:25:00,30,50,0.5,73568.28,74500CE,371,13:59:00,-115.94,72500PE,364.45,,209.64,72500PE,232.8,,0,-115.94,127.094375,82.55,93.704375,582.14
06-06-2024,09:16:00,13:00:00,0,0,1,74798.72,74400CE,761.7,,52.13,75100PE,732.35,,76.945625,,,,129.074375,0,0,0,129.07,13:00:00,15:25:00,30,50,0.5,74753.35,75000CE,384.85,13:40:00,-120.27,74600PE,386.55,13:09:00,-120.8,75000CE,282,13:29:00,0,-120.8,98.039375,-141,-163.760625,-34.69
07-06-2024,09:16:00,13:00:00,0,0,1,74995.78,74300CE,743.8,,-1513.35,75600PE,765.9,,722.82625,,,,-790.52125,0,0,0,-790.52,13:00:00,15:25:00,30,50,0.5,76434.45,76200CE,431.2,14:51:00,-134.75,76800PE,422.15,13:04:00,-131.92,76200CE,402.45,14:53:00,0,-131.92,23.36,-201.22,-309.785,-1100.3
10-06-2024,09:16:00,13:00:00,0,0,1,77035.05,76900CE,795,,158.71,77000PE,793.75,,-22.271875,,,,136.440625,0,0,0,136.44,13:00:00,15:25:00,30,50,0.5,76784.15,77500CE,381.05,,123.79,76000PE,371.1,,-90.28875,,,,33.498125,0,0,0,33.5,169.94
11-06-2024,09:16:00,13:00:00,0,0,1,76407.19,76200CE,759.95,,-64.45,76700PE,751.25,,256.509375,,,,192.06,0,0,0,192.06,13:00:00,15:25:00,30,50,0.5,76662.59,76900CE,400.35,13:46:00,-125.11,76500PE,397,,-67.96,76500PE,331.35,,0,-125.11,60.6875,-128.65,-193.0725,-1.01
12-06-2024,09:16:00,13:00:00,0,0,1,76624.31,76000CE,852.35,,-144.25,77400PE,918.9,,192.51375,,,,48.259375,0,0,0,48.26,13:00:00,15:25:00,30,50,0.5,76874.62,76900CE,388.7,,71.69,76800PE,377.7,,-103.27125,,,,-31.58,0,0,0,-31.58,16.68
13-06-2024,09:16:00,13:00:00,0,0,1,76977.05,76300CE,795.55,,168.06,77600PE,750.55,,-58.831875,,,,109.22375,0,0,0,109.22,13:00:00,15:25:00,30,50,0.5,76872.97,76600CE,376.6,,22.54,77100PE,399,,-8.3875,,,,14.155,0,0,0,14.16,123.38
14-06-2024,09:16:00,13:00:00,0,0,1,76889.71,76100CE,747.95,,-52.9,77600PE,792.95,,73.788125,,,,20.88875,0,0,0,20.89,13:00:00,15:25:00,30,50,0.5,76941.87,76500CE,400.95,15:01:00,-125.3,77300PE,417,,99.09,77300PE,284.45,,0,-125.3,127.3375,-28.25,-26.2125,-5.32
18-06-2024,09:16:00,13:00:00,0,0,1,77191.38,76500CE,823.2,,-41.04,77500PE,990,,445.725,,,,404.685,0,0,0,404.68,13:00:00,15:25:00,30,50,0.5,77211.16,77200CE,389,,-18.16,77200PE,367.95,,7.350625,,,,-10.811875,0,0,0,-10.81,393.87
19-06-2024,09:16:00,13:00:00,0,0,1,77410.34,76700CE,776.6,,26.34,78000PE,780.35,,-38.204375,,,,-11.861875,0,0,0,-11.86,13:00:00,15:25:00,30,50,0.5,77399.56,77200CE,408.35,14:31:00,-127.61,77400PE,402.45,,-54.08,77400PE,275.05,15:01:00,0,-127.61,122.369375,-137.53,-142.765625,-154.63
20-06-2024,09:16:00,13:00:00,0,0,1,77464.95,76600CE,843.8,,-45.05,78000PE,804.3,,153.29625,,,,108.24875,0,0,0,108.25,13:00:00,15:25:00,30,50,0.5,77429.41,77200CE,386.75,13:20:00,-120.86,77700PE,406.05,,55.92,77700PE,332.5,,0,-120.86,68.474375,-12.55,-64.935625,43.31
21-06-2024,09:16:00,13:00:00,0,0,1,77606.54,76800CE,781,,506.44,78300PE,799.4,,-573.5925,,,,-67.155,0,0,0,-67.15,13:00:00,15:25:00,30,50,0.5,77055.23,76600CE,416.6,13:52:00,-130.19,77300PE,405,14:25:00,-126.56,77300PE,248.3,14:25:00,0,-130.19,151.6375,-124.15,-102.7025,-169.85
24-06-2024,09:16:00,13:00:00,0,0,1,76840.83,76500CE,755.9,,-279.95,77400PE,777.75,,227.028125,,,,-52.920625,0,0,0,-52.92,13:00:00,15:25:00,30,50,0.5,77313.79,77500CE,389.8,,-7.32,77100PE,401.2,,26.185,,,,18.8625,0,0,0,18.86,-34.06
25-06-2024,09:19:00,13:00:00,0,0,1,77548.03,76900CE,821.5,,-215.42,78100PE,788.95,,161.788125,,,,-53.630625,0,0,0,-53.63,13:00:00,15:25:00,30,50,0.5,77877.76,77800CE,421.35,,-91.27,77700PE,408.65,,82.141875,,,,-9.125,0,0,0,-9.12,-62.75
26-06-2024,09:16:00,13:00:00,0,0,1,78091.59,77400CE,782.6,,-385.08,78500PE,777,,329.7375,,,,-55.345,0,0,0,-55.35,13:00:00,15:25:00,30,50,0.5,78505.59,78500CE,370.35,,-56.13,78400PE,388.35,,87.295625,,,,31.16625,0,0,0,31.17,-24.18
27-06-2024,09:16:00,13:00:00,0,0,1,78538.64,77700CE,895.3,,-413.64,79200PE,830.5,,305.11875,,,,-108.5225,0,0,0,-108.52,13:00:00,15:25:00,30,50,0.5,78981.97,78900CE,384.05,14:53:00,-120.02,79000PE,402.65,,221.62,79000PE,197,,0,-120.02,200.616875,21,101.596875,-6.92
28-06-2024,09:16:00,13:00:00,0,0,1,79477.99,78700CE,819.2,,341.86,80200PE,818.75,,-277.234375,,,,64.625625,0,0,0,64.63,13:00:00,15:25:00,30,50,0.5,79156.11,78800CE,381.2,13:15:00,-119.13,79500PE,422.55,,-51.73,79500PE,261.05,14:32:00,0,-119.13,156.218125,-130.53,-93.436875,-28.81
01-07-2024,09:16:00,13:00:00,0,0,1,79065.38,78700CE,775.55,,-166.64,79400PE,763.75,,229.003125,,,,62.35875,0,0,0,62.36,13:00:00,15:25:00,30,50,0.5,79396.47,79700CE,376.9,,-10.76,79100PE,388.1,,5.29875,,,,-5.4625,0,0,0,-5.46,56.9
02-07-2024,09:16:00,13:00:00,0,0,1,79702.77,79200CE,742.2,,252.97,80100PE,767,,-238.0875,,,,14.885,0,0,0,14.89,13:00:00,15:25:00,30,50,0.5,79249.47,79400CE,381.25,,-82.72,79100PE,386.95,,93.513125,,,,10.7975,0,0,0,10.8,25.69
03-07-2024,09:16:00,13:00:00,0,0,1,79800.84,79100CE,790.25,,-123.33,80300PE,771.05,,164.461875,,,,41.13375,0,0,0,41.13,13:00:00,15:25:00,30,50,0.5,79946.86,79800CE,412.5,,-22.56,80000PE,420.95,,12.088125,,,,-10.468125,0,0,0,-10.47,30.66
04-07-2024,09:16:00,13:00:00,0,0,1,80209.96,79300CE,870.4,,10.97,80900PE,910.4,,81.22,,,,92.19,0,0,0,92.19,13:00:00,15:25:00,30,50,0.5,80215.23,79800CE,422.75,,50.77,80400PE,406.15,,-63.076875,,,,-12.31125,0,0,0,-12.31,79.88
05-07-2024,09:16:00,13:00:00,0,0,1,79780.94,79000CE,759.95,,-40.8,80500PE,794.7,,68.36625,,,,27.566875,0,0,0,27.57,13:00:00,15:25:00,30,50,0.5,79832.61,79400CE,396.9,15:07:00,-124.03,80200PE,420.2,13:13:00,-131.31,79400CE,301.1,15:06:00,0,-131.31,90.83875,-150.55,-191.02125,-163.45
08-07-2024,09:18:00,13:00:00,0,0,1,79835.34,79300CE,826.85,,16.61,80500PE,817.5,,30.23125,,,,46.845625,0,0,0,46.85,13:00:00,15:25:00,30,50,0.5,79916.54,80000CE,393.2,,-44.72,79900PE,417.5,,35.23125,,,,-9.48375,0,0,0,-9.48,37.37
09-07-2024,09:18:00,13:00:00,0,0,1,80108.47,79000CE,1192.25,,-112.65,81000PE,1022.55,,155.618125,,,,42.965,0,0,0,42.96,13:00:00,15:25:00,30,50,0.5,80273.27,80100CE,443.05,,-72.29,80400PE,449.2,,39.535,,,,-32.753125,0,0,0,-32.75,10.21
10-07-2024,09:16:00,13:00:00,0,0,1,80265.24,79500CE,876.9,,288.94,81000PE,849,,-342.5625,,,,-53.62375,0,0,0,-53.62,13:00:00,15:25:00,30,50,0.5,79788.62,79800CE,394,,-24.73,79900PE,382.65,14:06:00,-119.58,79800CE,293.9,14:40:00,0,-119.578125,95.175,-146.95,-171.35,-224.97
11-07-2024,09:19:00,13:00:00,0,0,1,80082.07,79300CE,834.75,,241.37,80800PE,802.9,,-263.43625,,,,-22.070625,0,0,0,-22.07,13:00:00,15:25:00,30,50,0.5,79783.15,79500CE,434.55,14:59:00,-135.8,80100PE,423,,149.81,80100PE,289.35,,0,-135.8,128.3625,21.45,14.0125,-8.06
12-07-2024,09:16:00,13:00:00,0,0,1,80056.57,79200CE,817.7,,-592.52,80800PE,826.7,,506.56625,,,,-85.955,0,0,0,-85.95,13:00:00,15:25:00,30,50,0.5,80576.32,80200CE,425.75,13:17:00,-133.05,80900PE,383.65,,-0.05,80900PE,295.5,,0,-133.05,83.354375,-83.4,-133.095625,-219.05
15-07-2024,09:36:00,13:00:00,0,0,1,80686.06,80000CE,915.95,,-28,81500PE,970,,44.775,,,,16.775625,0,0,0,16.78,13:00:00,15:25:00,30,50,0.5,80685.58,80800CE,414.4,,-10.28,80600PE,393.4,,-3.8175,,,,-14.0975,0,0,0,-14.1,2.68
16-07-2024,09:16:00,13:00:00,0,0,1,80806.09,80100CE,867.95,,-50.3,81500PE,864.5,,70.69375,,,,20.394375,0,0,0,20.39,13:00:00,15:25:00,30,50,0.5,80861.43,80800CE,420.05,,71,80900PE,403.25,,-30.890625,,,,40.10875,0,0,0,40.11,60.5
18-07-2024,09:16:00,13:00:00,0,0,1,80618.66,79900CE,861.3,,-109.22,81400PE,862.65,,156.866875,,,,47.650625,0,0,0,47.65,13:00:00,15:25:00,30,50,0.5,80779.87,80600CE,418.7,13:10:00,-130.84,81000PE,416.8,,263.54,81000PE,360.15,,0,-130.84,51.44,212.1,132.7,180.35
19-07-2024,09:16:00,13:00:00,0,0,1,81246,80400CE,861.45,,369.28,82000PE,856.15,,-294.601875,,,,74.68,0,0,0,74.68,13:00:00,15:25:00,30,50,0.5,80823.75,80400CE,481.4,,266.23,81300PE,455.2,14:25:00,-142.25,80400CE,334.5,,0,-142.25,140.8825,125.35,123.98,198.66
22-07-2024,09:16:00,13:00:00,0,0,1,80178.01,80300CE,810.4,,-154.73,80200PE,827.9,,158.60125,,,,3.87125,0,0,0,3.87,13:00:00,15:25:00,30,50,0.5,80492.39,81600CE,417.05,,-3.71,79500PE,403.95,,-11.999375,,,,-15.7125,0,0,0,-15.71,-11.84
23-07-2024,09:16:00,13:00:00,0,0,1,80695.43,80600CE,816.8,,486.39,80800PE,836.45,,-204.605625,,,,281.784375,0,0,0,281.78,13:00:00,15:25:00,30,50,0.5,79971.76,80400CE,386.35,14:09:00,-120.73,79700PE,395.95,,204.75,79700PE,182.45,,0,-120.73,208.550625,-3.8,84.020625,365.8
24-07-2024,09:16:00,13:00:00,0,0,1,80300.34,79600CE,864.6,,242.64,81000PE,872.9,,-281.71125,,,,-39.06875,0,0,0,-39.07,13:00:00,15:25:00,30,50,0.5,79912.69,80000CE,382.1,14:31:00,-119.41,79900PE,391.85,,189.75,79900PE,206.25,15:01:00,0,-119.41,180.701875,-103.12,-41.833125,-80.9
25-07-2024,09:16:00,13:00:00,0,0,1,79541.79,79000CE,758,,-351.48,80300PE,792.3,,374.59625,,,,23.12125,0,0,0,23.12,13:00:00,15:25:00,30,50,0.5,80037.79,79800CE,419.3,,26.31,80300PE,407.8,,10.2525,,,,36.56125,0,0,0,36.56,59.68
26-07-2024,09:16:00,13:00:00,0,0,1,80146.39,79300CE,852,,-852.4,80900PE,806.55,,717.718125,,,,-134.681875,0,0,0,-134.68,13:00:00,15:25:00,30,50,0.5,80994.15,80600CE,474.1,13:12:00,-148.16,81500PE,475.5,,293.31,81500PE,362.2,,0,-148.16,107.35625,185.95,145.14625,10.47
29-07-2024,09:17:00,13:00:00,0,0,1,81711.62,81000CE,906.2,,100.42,82300PE,859.4,,-141.6425,,,,-41.22,0,0,0,-41.22,13:00:00,15:25:00,30,50,0.5,81506.16,81700CE,411.1,,58.66,81400PE,427.55,14:00:00,-133.61,81700CE,345.55,,0,-133.609375,60.41125,-1.75,-74.95,-116.17
30-07-2024,09:16:00,13:00:00,0,0,1,81355.87,80600CE,879.45,,-309.09,81900PE,878.15,,289.373125,,,,-19.72,0,0,0,-19.72,13:00:00,15:25:00,30,50,0.5,81650.75,81600CE,423.15,,80.21,81600PE,401.35,,-37.266875,,,,42.94375,0,0,0,42.94,23.22
31-07-2024,09:16:00,13:00:00,0,0,1,81633.3,80900CE,848.45,,-72.21,82300PE,829.15,,59.985625,,,,-12.22,0,0,0,-12.22,13:00:00,15:25:00,30,50,0.5,81677.98,81600CE,425.8,,-46.22,81800PE,434.65,,24.866875,,,,-21.355625,0,0,0,-21.36,-33.58
01-08-2024,09:16:00,13:00:00,0,0,1,81994.79,81200CE,837.2,,150.09,82700PE,872.35,,-94.554375,,,,55.530625,0,0,0,55.53,13:00:00,15:25:00,30,50,0.5,81797.47,81500CE,454.4,,-26.98,82100PE,461.2,,52.985,,,,26.005,0,0,0,26,81.53
02-08-2024,09:16:00,13:00:00,0,0,1,81193.61,80400CE,891.55,,140.41,82100PE,900.85,,-102.060625,,,,38.345,0,0,0,38.34,13:00:00,15:25:00,30,50,0.5,81155.84,80700CE,447.15,,157.21,81600PE,480.25,14:38:00,-150.08,80700CE,303.35,,0,-150.078125,138.210625,19,7.13,45.47
05-08-2024,09:16:00,13:00:00,0,0,1,79614.63,79400CE,861.65,,326.23,80000PE,849.9,,-993.22375,,,,-666.994375,0,0,0,-666.99,13:00:00,15:25:00,30,50,0.5,78371.19,79700CE,413.9,,-36.22,77000PE,442.4,,111.77,,,,75.54625,0,0,0,75.55,-591.44
06-08-2024,09:16:00,13:00:00,0,0,1,79667.1,79400CE,781.5,,281.73,80000PE,801.45,,-233.568125,,,,48.163125,0,0,0,48.16,13:00:00,15:25:00,30,50,0.5,79183.45,79600CE,402.35,,95.37,78700PE,399.85,13:39:00,-124.95,79600CE,315.6,,0,-124.953125,81.720625,13.65,-29.58,18.58
07-08-2024,09:16:00,13:00:00,0,0,1,79511.09,79100CE,791.8,,221.9,80200PE,829.85,,-297.873125,,,,-75.970625,0,0,0,-75.97,13:00:00,15:25:00,30,50,0.5,79202.13,79400CE,396.2,14:26:00,-123.81,79100PE,413.4,,157.73,79100PE,269.3,,0,-123.81,138.9325,18.8,33.9225,-42.05
08-08-2024,09:16:00,13:00:00,0,0,1,79248.65,78700CE,831,,91.11,80000PE,847.65,,-32.045625,,,,59.066875,0,0,0,59.07,13:00:00,15:25:00,30,50,0.5,79227.04,79200CE,411.7,,153.6,79300PE,409.8,13:08:00,-128.06,79200CE,327.8,,0,-128.0625,78.75375,74.85,25.54,84.61
09-08-2024,09:16:00,13:00:00,0,0,1,79675.64,79000CE,766.1,,67.92,80400PE,754.3,,23.67125,,,,91.595,0,0,0,91.59,13:00:00,15:25:00,30,50,0.5,79643.43,79300CE,397.85,,-20.97,80100PE,428.65,,37.291875,,,,16.31875,0,0,0,16.32,107.91
12-08-2024,09:16:00,13:00:00,0,0,1,79403.53,79200CE,786.85,,-222.99,79900PE,776.05,,285.049375,,,,62.06375,0,0,0,62.06,13:00:00,15:25:00,30,50,0.5,79926.85,80200CE,382.55,,122.82,79600PE,369.45,15:00:00,-115.45,80200CE,213.5,,0,-115.453125,164.268125,-41.45,7.37,69.43
13-08-2024,09:16:00,13:00:00,0,0,1,79543.66,79100CE,784.25,,219.95,80200PE,774.6,,-192.5825,,,,27.364375,0,0,0,27.36,13:00:00,15:25:00,30,50,0.5,79270.18,79400CE,395.05,,91.56,79300PE,406.8,13:57:00,-127.13,79400CE,317.4,,0,-127.125,72.711875,18.85,-35.56,-8.2
14-08-2024,09:16:00,13:00:00,0,0,1,79001.63,78500CE,751,,-66.34,79700PE,791.7,,169.40375,,,,103.06625,0,0,0,103.07,13:00:00,15:25:00,30,50,0.5,79222.75,79100CE,381.35,,32.63,79400PE,406.8,,-62.935,,,,-30.301875,0,0,0,-30.3,72.77
16-08-2024,09:16:00,13:00:00,0,0,1,79730.28,79000CE,775.5,,-350.79,80500PE,761.65,,336.279375,,,,-14.514375,0,0,0,-14.51,13:00:00,15:25:00,30,50,0.5,80061.08,79700CE,461.8,13:48:00,-144.31,80600PE,504.3,,335.15,80600PE,313.95,,0,-144.31,184.04625,151.1,190.83625,176.33
19-08-2024,09:17:00,13:00:00,0,0,1,80620.21,80000CE,874.25,,102.57,81500PE,1505.05,,377.986875,,,,480.55875,0,0,0,480.56,13:00:00,15:25:00,30,50,0.5,80452.61,80600CE,402.05,,14.87,80400PE,419.35,,-8.291875,,,,6.5825,0,0,0,6.58,487.14
20-08-2024,09:16:00,13:00:00,0,0,1,80652.32,79400CE,1265,,-290.81,81100PE,895,,428.4625,,,,137.65,0,0,0,137.65,13:00:00,15:25:00,30,50,0.5,80935.16,80800CE,437.5,,85.58,81100PE,455.35,,-98.441875,,,,-12.860625,0,0,0,-12.86,124.79
21-08-2024,09:16:00,13:00:00,0,0,1,80742.4,80000CE,875,,-37.94,81500PE,844.35,,43.045625,,,,5.108125,0,0,0,5.11,13:00:00,15:25:00,30,50,0.5,80745.83,80600CE,439.5,,-73.69,81000PE,443.15,,92.560625,,,,18.866875,0,0,0,18.87,23.98
22-08-2024,09:16:00,13:00:00,0,0,1,81099.15,80300CE,842,,-19.38,81900PE,874.2,,53.2725,,,,33.8975,0,0,0,33.9,13:00:00,15:25:00,30,50,0.5,81071.56,80800CE,405.15,,-29.96,81400PE,405.75,,-18.971875,,,,-48.93625,0,0,0,-48.94,-15.04
23-08-2024,09:16:00,13:00:00,0,0,1,81000.97,80100CE,882.15,,-147.58,81800PE,860,,163.45,,,,15.873125,0,0,0,15.87,13:00:00,15:25:00,30,50,0.5,81119.44,80600CE,514.55,,21.57,81600PE,495.2,,-24.54,,,,-2.971875,0,0,0,-2.97,12.9
26-08-2024,09:16:00,13:00:00,0,0,1,81320.14,80800CE,823.2,,-318.49,82000PE,825.25,,314.384375,,,,-4.105625,0,0,0,-4.11,13:00:00,15:25:00,30,50,0.5,81762.2,81800CE,438.9,,29.46,81900PE,454.35,,-2.829375,,,,26.634375,0,0,0,26.63,22.52
27-08-2024,09:16:00,13:00:00,0,0,1,81681.27,81100CE,820.75,,-37.66,82500PE,855.8,,87.7025,,,,50.043125,0,0,0,50.04,13:00:00,15:25:00,30,50,0.5,81817.83,81700CE,420,,58.8,82000PE,419.25,,-67.990625,,,,-9.190625,0,0,0,-9.19,40.85
28-08-2024,09:16:00,13:00:00,0,0,1,81810.62,81000CE,839.95,,-239.1,82500PE,814.6,,186.4175,,,,-52.681875,0,0,0,-52.68,13:00:00,15:25:00,30,50,0.5,81969.78,81800CE,420.75,,124.84,82200PE,416.8,14:53:00,-130.25,81800CE,283.15,,0,-130.25,132.340625,-7.5,-5.41,-58.09
29-08-2024,09:16:00,13:00:00,0,0,1,81747.86,81000CE,800.1,,-385.65,82500PE,809.8,,358.6775,,,,-26.97375,0,0,0,-26.97,13:00:00,15:25:00,30,50,0.5,82124.15,81900CE,405.45,,-15.37,82500PE,441,14:02:00,-137.81,81900CE,264.25,14:56:00,0,-137.8125,136.131875,-132.12,-133.81,-160.78
30-08-2024,09:16:00,13:00:00,0,0,1,82419.82,81500CE,929.9,,39.68,83300PE,895.95,,-58.649375,,,,-18.973125,0,0,0,-18.97,13:00:00,15:25:00,30,50,0.5,82387.5,81900CE,482.55,,9.62,82800PE,439.6,,1.105,,,,10.723125,0,0,0,10.72,-8.25
02-09-2024,09:29:00,13:00:00,0,0,1,82585.53,81900CE,950,,196.83,83500PE,1000,,-167.5,,,,29.325,0,0,0,29.33,13:00:00,15:25:00,30,50,0.5,82457.47,82500CE,400.85,,-17.61,82400PE,422.2,,63.3725,,,,45.761875,0,0,0,45.76,75.09
03-09-2024,09:16:00,13:00:00,0,0,1,82523.01,81800CE,819.95,,-87.05,83200PE,840,,106.55,,,,19.500625,0,0,0,19.5,13:00:00,15:25:00,30,50,0.5,82540.32,82400CE,457.1,,17.19,82800PE,449.35,,-39.616875,,,,-22.430625,0,0,0,-22.43,-2.93
04-09-2024,09:16:00,13:00:00,0,0,1,82008.41,81400CE,847.2,,2.91,82900PE,866.8,,26.915,,,,29.825,0,0,0,29.82,13:00:00,15:25:00,30,50,0.5,82149.59,81900CE,456.5,13:20:00,-142.66,82400PE,463.5,,76.36,82400PE,361.65,,0,-142.66,96.05625,-19.7,-66.30375,-36.48
05-09-2024,09:16:00,13:00:00,0,0,1,82504.25,81600CE,920.5,,126.39,83500PE,1053.25,,-120.715625,,,,5.678125,0,0,0,5.68,13:00:00,15:25:00,30,50,0.5,82278.39,82000CE,436.05,,41,82700PE,434.95,,-55.636875,,,,-14.6375,0,0,0,-14.64,-8.96
06-09-2024,09:16:00,13:00:00,0,0,1,82007.72,81200CE,869,,731.64,82900PE,854.9,,-852.83625,,,,-121.19875,0,0,0,-121.2,13:00:00,15:25:00,30,50,0.5,81194.55,80700CE,483.2,,-7.99,81600PE,474.45,,52.419375,,,,44.429375,0,0,0,44.43,-76.77
09-09-2024,09:16:00,13:00:00,0,0,1,81053.99,80500CE,864.4,,-121.41,81600PE,837.45,,246.981875,,,,125.576875,0,0,0,125.58,13:00:00,15:25:00,30,50,0.5,81320.51,81400CE,406.65,,-94.18,81300PE,424.95,,109.638125,,,,15.455,0,0,0,15.45,141.03
10-09-2024,09:16:00,13:00:00,0,0,1,81756.47,81000CE,874.05,,-178.83,82500PE,851.8,,170.6525,,,,-8.173125,0,0,0,-8.17,13:00:00,15:25:00,30,50,0.5,82011.32,81800CE,448.55,,43.94,82200PE,470.1,,-17.27625,,,,26.666875,0,0,0,26.67,18.5
11-09-2024,09:16:00,13:00:00,0,0,1,81871.33,81000CE,890.25,,-89.88,82600PE,849.6,,65.33,,,,-24.548125,0,0,0,-24.55,13:00:00,15:25:00,30,50,0.5,81947.17,81700CE,428.8,,173.44,82100PE,415.25,14:03:00,-129.77,81700CE,334.2,,0,-129.765625,89.24,84.2,43.67,19.12
12-09-2024,09:16:00,13:00:00,0,0,1,81863.75,81000CE,882.25,,112.32,83000PE,1184.7,,-159.80875,,,,-47.486875,0,0,0,-47.49,13:00:00,15:25:00,30,50,0.5,81690.1,81400CE,461.75,14:01:00,-144.3,82000PE,474.65,,404.42,82000PE,252,,0,-144.3,216.716875,187.7,260.116875,212.63
13-09-2024,09:16:00,13:00:00,0,0,1,82874.44,82000CE,852.5,,-116.21,83600PE,828.35,,163.095625,,,,46.889375,0,0,0,46.89,13:00:00,15:25:00,30,50,0.5,82997.93,82500CE,465.25,,68.58,83400PE,458.75,,-55.584375,,,,13,0,0,0,13,59.89
16-09-2024,09:17:00,13:00:00,0,0,1,83032.59,82300CE,905.65,,30.78,84000PE,1163.4,,18.8575,,,,49.636875,0,0,0,49.64,13:00:00,15:25:00,30,50,0.5,82919.1,83000CE,424.4,,-39.76,82900PE,405,,46.6875,,,,6.9325,0,0,0,6.93,56.57
17-09-2024,09:16:00,13:00:00,0,0,1,82916.23,82300CE,868.2,,-67.7,83800PE,887.45,,30.756875,,,,-36.945625,0,0,0,-36.95,13:00:00,15:25:00,30,50,0.5,83117.19,83000CE,441.7,,-10.57,83200PE,457.85,,-22.923125,,,,-33.494375,0,0,0,-33.49,-70.44
18-09-2024,09:16:00,13:00:00,0,0,1,82985.48,82300CE,839.85,,-166.55,83700PE,836.85,,70.189375,,,,-96.35875,0,0,0,-96.36,13:00:00,15:25:00,30,50,0.5,83163.81,83100CE,449.05,,57.94,83200PE,444.45,13:05:00,-138.89,83100CE,379.6,,0,-138.890625,63.836875,-5.9,-80.95,-177.31
19-09-2024,09:16:00,13:00:00,0,0,1,83524.21,82700CE,872.5,,205.39,84200PE,906.3,,-76.82875,,,,128.565,0,0,0,128.56,13:00:00,15:25:00,30,50,0.5,83214.21,83000CE,433.6,,-94.82,83600PE,455.5,,94.30625,,,,-0.51375,0,0,0,-0.51,128.05
20-09-2024,09:16:00,13:00:00,0,0,1,83478.13,82700CE,831.1,,-1036.79,84300PE,862.1,,740.22375,,,,-296.565,0,0,0,-296.57,13:00:00,15:25:00,30,50,0.5,84419.33,84200CE,401.9,,52.33,84900PE,423.9,13:30:00,-132.47,84200CE,255.15,14:51:00,0,-132.46875,141.72625,-127.58,-118.32,-414.89
23-09-2024,09:18:00,13:00:00,0,0,1,84716.82,84200CE,828.6,,27.34,85300PE,824.5,,-54.40625,,,,-27.06375,0,0,0,-27.06,13:00:00,15:25:00,30,50,0.5,84695.74,84800CE,453,,-32.71,84500PE,434.6,,56.7675,,,,24.055,0,0,0,24.06,-3
24-09-2024,09:16:00,13:00:00,0,0,1,84820.86,84200CE,855.9,,-115.4,85500PE,891.35,,129.658125,,,,14.259375,0,0,0,14.26,13:00:00,15:25:00,30,50,0.5,84984.09,85000CE,422.8,,44.12,84900PE,405.6,,-16.62,,,,27.495,0,0,0,27.5,41.76
25-09-2024,09:16:00,13:00:00,0,0,1,84809.18,84200CE,836.5,,35.79,85500PE,804.45,,13.894375,,,,49.688125,0,0,0,49.69,13:00:00,15:25:00,30,50,0.5,84811.17,84700CE,439.6,15:10:00,-137.38,85000PE,449.45,,140.23,85000PE,332.6,,0,-137.38,111.231875,29,2.851875,52.54
26-09-2024,09:16:00,13:00:00,0,0,1,85214.62,84400CE,874.1,,-269.13,86000PE,869.3,,182.43375,,,,-86.6925,0,0,0,-86.69,13:00:00,15:25:00,30,50,0.5,85453.02,85200CE,471,14:40:00,-147.19,85700PE,468.85,,207.04,85700PE,385.55,,0,-147.19,77.439375,129.6,59.849375,-26.84
27-09-2024,09:16:00,13:00:00,0,0,1,85852.19,85000CE,892.45,,206.14,86700PE,860.9,,-185.36125,,,,20.783125,0,0,0,20.78,13:00:00,15:25:00,30,50,0.5,85612.08,85200CE,484.8,,107.14,86100PE,460,,-74.35,,,,32.79,0,0,0,32.79,53.57
30-09-2024,09:17:00,13:00:00,0,0,1,85222.05,84000CE,1450.4,,471.37,86200PE,1000,,-550.5,,,,-79.13,0,0,0,-79.13,13:00:00,15:25:00,30,50,0.5,84563.03,84800CE,451.6,,99.56,84600PE,433.4,13:31:00,-135.44,84800CE,358.95,,0,-135.4375,87.005,12.55,-35.88,-115.01
01-10-2024,09:16:00,13:00:00,0,0,1,84613.67,84100CE,805.45,,253.58,85300PE,812.3,,-289.60375,,,,-36.021875,0,0,0,-36.02,13:00:00,15:25:00,30,50,0.5,84220.61,84300CE,423,,-22.59,84400PE,412.4,,66.495,,,,43.9075,0,0,0,43.91,7.89
03-10-2024,09:16:00,13:00:00,0,0,1,83475.49,82900CE,841.95,,437.58,84300PE,854.9,,-507.93625,,,,-70.360625,0,0,0,-70.36,13:00:00,15:25:00,30,50,0.5,82879.26,82800CE,458.9,,227.41,83200PE,450.75,13:36:00,-140.86,82800CE,341.75,,0,-140.859375,111.41375,116,86.55,16.19
04-10-2024,09:16:00,13:00:00,0,0,1,82305.5,81600CE,807.3,,370.16,83100PE,813.1,,-416.36375,,,,-46.205,0,0,0,-46.2,13:00:00,15:25:00,30,50,0.5,81953.28,81600CE,427.05,13:07:00,-133.45,82200PE,432.1,15:05:00,-135.03,82200PE,338.85,14:49:00,0,-133.45,87.84875,-169.42,-215.02625,-261.23
07-10-2024,09:16:00,13:00:00,0,0,1,82134.24,81800CE,905.65,,400.33,83000PE,1053.1,,-757.11375,,,,-356.784375,0,0,0,-356.78,13:00:00,15:25:00,30,50,0.5,81177.14,82000CE,410.55,,27.67,80500PE,404,13:41:00,-126.25,82000CE,315.45,,0,-126.25,89.968125,-62.3,-98.58,-455.36
08-10-2024,09:16:00,13:00:00,0,0,1,81044.84,81000CE,817.4,,15.33,81500PE,826.95,,155.313125,,,,170.645625,0,0,0,170.65,13:00:00,15:25:00,30,50,0.5,81334.85,81700CE,420.55,13:39:00,-131.42,80900PE,410.8,,125.22,80900PE,267.95,,0,-131.42,137.715,-12.5,-6.205,164.45
09-10-2024,09:16:00,13:00:00,0,0,1,81831.16,81300CE,831.85,,-123.55,82400PE,848.85,,198.189375,,,,74.64125,0,0,0,74.64,13:00:00,15:25:00,30,50,0.5,81984.32,82100CE,400.9,,166.69,82000PE,408.5,13:20:00,-127.66,82100CE,301,,0,-127.65625,94.88875,71.8,39.03,113.67
10-10-2024,09:16:00,13:00:00,0,0,1,81745.15,81100CE,855.35,,194.41,82500PE,880,,-71.35,,,,123.058125,0,0,0,123.06,13:00:00,15:25:00,30,50,0.5,81644.77,81400CE,438.35,,4.47,81900PE,465.75,,-22.121875,,,,-17.65125,0,0,0,-17.65,105.41
11-10-2024,09:16:00,13:00:00,0,0,1,81473.16,80700CE,840,,109,82300PE,869.05,,-41.813125,,,,67.186875,0,0,0,67.19,13:00:00,15:25:00,30,50,0.5,81397.44,80900CE,520,,28.1,81900PE,492.45,,-28.655625,,,,-0.555625,0,0,0,-0.56,66.63
14-10-2024,09:16:00,13:00:00,0,0,1,81698.67,81200CE,827,,-180.79,82500PE,923.35,,200.208125,,,,19.420625,0,0,0,19.42,13:00:00,15:25:00,30,50,0.5,81922.46,82000CE,442.1,,-26.38,82000PE,426.95,,7.463125,,,,-18.913125,0,0,0,-18.91,0.51
15-10-2024,09:16:00,13:00:00,0,0,1,82207.05,81500CE,901.85,,329.73,83000PE,880,,-354.95,,,,-25.223125,0,0,0,-25.22,13:00:00,15:25:00,30,50,0.5,81758.79,81700CE,446.7,,-38.88,81900PE,470.4,,55.62,,,,16.73625,0,0,0,16.74,-8.48
16-10-2024,09:16:00,13:00:00,0,0,1,81668.39,81000CE,833.65,,134.68,82500PE,917.55,,-131.319375,,,,3.36,0,0,0,3.36,13:00:00,15:25:00,30,50,0.5,81470.62,81400CE,419.6,14:05:00,-131.12,81600PE,395.75,,54.8,81600PE,285.7,,0,-131.12,105.103125,-50.3,-76.316875,-72.96
17-10-2024,09:16:00,13:00:00,0,0,1,81647.89,80900CE,861.1,,436.24,82500PE,841.2,,-518.865,,,,-82.62875,0,0,0,-82.63,13:00:00,15:25:00,30,50,0.5,81067.35,80900CE,414.1,,50.37,81400PE,392,,-43.8,,,,6.57375,0,0,0,6.57,-76.06
18-10-2024,09:16:00,13:00:00,0,0,1,80636.76,79900CE,832.9,,-527.51,81500PE,851.65,,543.904375,,,,16.393125,0,0,0,16.39,13:00:00,15:25:00,30,50,0.5,81233.2,80800CE,451.8,,9.95,81700PE,481.55,,11.380625,,,,21.333125,0,0,0,21.33,37.72
21-10-2024,09:17:00,13:00:00,0,0,1,81692.39,81100CE,829.25,,426.73,82300PE,826.3,,-624.87875,,,,-198.144375,0,0,0,-198.14,13:00:00,15:25:00,30,50,0.5,80953.86,81000CE,430.75,13:19:00,-134.61,80800PE,440.2,,85.05,80800PE,300.1,,0,-134.61,134.5975,-49.55,-49.5625,-247.7
22-10-2024,09:16:00,13:00:00,0,0,1,81243.05,80600CE,813.9,,256.73,81800PE,803.9,,-346.84875,,,,-90.1225,0,0,0,-90.12,13:00:00,15:25:00,30,50,0.5,80678.29,80800CE,432.9,,150.54,80700PE,436.35,14:55:00,-136.36,80800CE,315.95,,0,-136.359375,111.53875,39,14.18,-75.94
23-10-2024,09:16:00,13:00:00,0,0,1,80197.99,79700CE,831.5,,-168.89,80900PE,921.8,,350.8775,,,,181.98375,0,0,0,181.98,13:00:00,15:25:00,30,50,0.5,80505.3,80500CE,428.55,,205.59,80700PE,445.25,14:13:00,-139.14,80500CE,288.8,,0,-139.140625,134.393125,71.2,66.45,248.43
24-10-2024,09:16:00,13:00:00,0,0,1,80203.34,79500CE,858,,189.73,81000PE,856.05,,-73.700625,,,,116.024375,0,0,0,116.02,13:00:00,15:25:00,30,50,0.5,80062.69,79800CE,420.7,,-46.31,80400PE,411.4,,30.6075,,,,-15.70125,0,0,0,-15.7,100.32
25-10-2024,09:16:00,13:00:00,0,0,1,80044.46,79300CE,819.2,,670.76,80900PE,846.8,,-733.935,,,,-63.175,0,0,0,-63.18,13:00:00,15:25:00,30,50,0.5,79322.82,78900CE,465.5,,-50.32,79800PE,471.65,14:21:00,-147.39,78900CE,297.15,14:50:00,0,-147.390625,162.53125,-148.57,-133.43,-196.61
28-10-2024,09:16:00,13:00:00,0,0,1,79748.53,79200CE,826.2,,-396.33,80400PE,864.85,,379.289375,,,,-17.038125,0,0,0,-17.04,13:00:00,15:25:00,30,50,0.5,80289.97,80200CE,449,,129.69,80300PE,426.85,15:01:00,-133.39,80200CE,299.85,,0,-133.390625,143.5375,-13.85,-3.7,-20.74
29-10-2024,09:16:00,13:00:00,0,0,1,79764.52,79100CE,975.3,,-97.29,80700PE,832.65,,9.141875,,,,-88.149375,0,0,0,-88.15,13:00:00,15:25:00,30,50,0.5,80008.41,80000CE,412,14:07:00,-128.75,80200PE,429.5,,202.28,80200PE,291.85,,0,-128.75,132.28125,70,73.53125,-14.62
30-10-2024,09:16:00,13:00:00,0,0,1,80038.9,79400CE,893.8,,-128.67,81000PE,879.3,,173.35875,,,,44.68625,0,0,0,44.69,13:00:00,15:25:00,30,50,0.5,80308.77,80100CE,438.9,13:07:00,-137.16,80700PE,462.65,13:16:00,-144.58,80700PE,390.25,13:15:00,0,-137.16,66.616875,-195.12,-265.668125,-220.98
31-10-2024,09:16:00,13:00:00,0,0,1,79833.38,79000CE,868.1,,452.75,80600PE,825.85,,-370.873125,,,,81.875625,0,0,0,81.88,13:00:00,15:25:00,30,50,0.5,79419.17,79000CE,404.5,,9.64,79800PE,417.1,,2.93625,,,,12.58,0,0,0,12.58,94.46
04-11-2024,09:16:00,13:00:00,0,0,1,79203.86,79200CE,775.05,,336.31,79500PE,786.05,,-658.525625,,,,-322.21375,0,0,0,-322.21,13:00:00,15:25:00,30,50,0.5,78441.83,79300CE,394.2,15:01:00,-123.19,77400PE,399,,169.41,77400PE,232.85,,0,-123.19,161.1625,8.25,46.2225,-275.99
05-11-2024,09:16:00,13:00:00,0,0,1,78685.27,78600CE,776.65,,104.59,78900PE,771.7,,-55.09625,,,,49.495625,0,0,0,49.5,13:00:00,15:25:00,30,50,0.5,78526.94,79200CE,395.85,13:28:00,-123.7,77900PE,392.65,,198.69,77900PE,283.5,,0,-123.7,104.241875,94.45,74.991875,124.49
06-11-2024,09:16:00,13:00:00,0,0,1,79643.62,79300CE,782.4,,-282.83,80000PE,766.35,,454.870625,,,,172.040625,0,0,0,172.04,13:00:00,15:25:00,30,50,0.5,80202.65,80200CE,452.2,14:20:00,-141.31,80300PE,437.55,,71.18,80300PE,308.85,,0,-141.31,123.230625,-52.05,-70.129375,101.91
07-11-2024,09:16:00,13:00:00,0,0,1,80273.56,79600CE,815.55,,501.36,81000PE,839.9,,-558.24875,,,,-56.893125,0,0,0,-56.89,13:00:00,15:25:00,30,50,0.5,79631.45,79400CE,421.75,,25.63,79900PE,437.3,,-29.16625,,,,-3.538125,0,0,0,-3.54,-60.43
08-11-2024,09:16:00,13:00:00,0,0,1,79304.73,78600CE,757.15,,-96.01,80000PE,782.25,,205.471875,,,,109.4575,0,0,0,109.46,13:00:00,15:25:00,30,50,0.5,79415.8,79000CE,445.85,,-49.07,79900PE,467.35,,50.658125,,,,1.585,0,0,0,1.58,111.04
11-11-2024,09:16:00,13:00:00,0,0,1,79068.4,78300CE,1200,,-451.7,79700PE,816.15,,452.348125,,,,0.648125,0,0,0,0.65,13:00:00,15:25:00,30,50,0.5,79752.86,79800CE,396.6,,115.64,79800PE,399.85,13:42:00,-124.95,79800CE,314.25,,0,-124.953125,77.3925,38.25,-9.31,-8.66
12-11-2024,09:16:00,13:00:00,0,0,1,79698.78,79100CE,774.8,,385.56,80400PE,786.95,,-589.986875,,,,-204.421875,0,0,0,-204.42,13:00:00,15:25:00,30,50,0.5,79037.52,79000CE,428.45,,180.44,79100PE,406.9,13:39:00,-127.16,79000CE,309.6,,0,-127.15625,113.494375,66.95,53.29,-151.13
13-11-2024,09:16:00,13:00:00,0,0,1,78571.46,77900CE,794.4,,397.57,79300PE,836.9,,-473.56125,,,,-75.99125,0,0,0,-75.99,13:00:00,15:25:00,30,50,0.5,78018.99,77900CE,386.9,13:47:00,-120.91,78200PE,405.8,14:30:00,-126.81,78200PE,276.3,14:17:00,0,-120.91,124.4275,-138.15,-134.6325,-210.62
14-11-2024,09:16:00,13:00:00,0,0,1,77756.56,77000CE,849.65,,263.58,78500PE,802.3,,-149.12875,,,,114.450625,0,0,0,114.45,13:00:00,15:25:00,30,50,0.5,77581.23,77100CE,470,,-20.52,78000PE,443.8,,21.0525,,,,0.5275,0,0,0,0.53,114.98
18-11-2024,09:17:00,13:00:00,0,0,1,77533.32,77000CE,874.65,,81.57,78100PE,809,,-71.2625,,,,10.304375,0,0,0,10.3,13:00:00,15:25:00,30,50,0.5,77408.26,77700CE,381.1,,46.34,77200PE,375.2,14:33:00,-117.25,77700CE,263.5,,0,-117.25,112.83625,-66.5,-70.91,-60.61
19-11-2024,09:16:00,13:00:00,0,0,1,77704.31,77000CE,882,,-587.07,78500PE,919.55,,484.155625,,,,-102.919375,0,0,0,-102.92,13:00:00,15:25:00,30,50,0.5,78358.44,78400CE,379.1,,254.26,78400PE,374.75,14:08:00,-117.11,78400CE,321,,0,-117.109375,53.36125,200.9,137.15,34.23
21-11-2024,09:16:00,13:00:00,0,0,1,77340.12,76700CE,764.15,,305.25,77800PE,761.8,,-109.8725,,,,195.375625,0,0,0,195.38,13:00:00,15:25:00,30,50,0.5,77016.17,76800CE,381.5,,-78.12,77200PE,385.7,,44.37875,,,,-33.74,0,0,0,-33.74,161.64
22-11-2024,09:16:00,13:00:00,0,0,1,77335.33,76500CE,873.9,,-909.22,78200PE,921.25,,641.734375,,,,-267.489375,0,0,0,-267.49,13:00:00,15:25:00,30,50,0.5,78230.3,78100CE,421.55,13:59:00,-131.73,78500PE,408.45,,403.09,78500PE,160,,0,-131.73,243.344375,159.75,271.364375,3.87
25-11-2024,09:16:00,13:00:00,0,0,1,80296.56,79900CE,911.75,,361.4,81000PE,1058,,-354.925,,,,6.478125,0,0,0,6.48,13:00:00,15:25:00,30,50,0.5,79809.98,80200CE,404.95,14:38:00,-126.55,79300PE,414.1,,186.32,79300PE,270.25,,0,-126.55,138.67375,47.65,59.77375,66.25
26-11-2024,09:16:00,13:00:00,0,0,1,80369.75,79700CE,858.5,,236.47,80900PE,890.25,,-251.878125,,,,-15.409375,0,0,0,-15.41,13:00:00,15:25:00,30,50,0.5,79925.85,80100CE,391.35,14:44:00,-122.3,79800PE,392.4,,51.84,79800PE,297.55,,0,-122.3,89.945,-38.1,-70.455,-85.86
27-11-2024,09:16:00,13:00:00,0,0,1,79973.8,79500CE,782.3,,-272.53,80600PE,777.4,,325.9825,,,,53.45375,0,0,0,53.45,13:00:00,15:25:00,30,50,0.5,80381.02,80300CE,448.9,,77.29,80600PE,441.7,,-63.17125,,,,14.1175,0,0,0,14.12,67.57
28-11-2024,09:16:00,13:00:00,0,0,1,80234.88,79600CE,867.85,,567.45,81100PE,843.85,,-907.048125,,,,-339.59625,0,0,0,-339.6,13:00:00,15:25:00,30,50,0.5,79289.75,79400CE,381.6,13:59:00,-119.25,79300PE,372.85,14:13:00,-116.52,79300PE,267.95,14:13:00,0,-119.25,100.239375,-133.97,-152.985625,-492.59
29-11-2024,09:16:00,13:00:00,0,0,1,79209.71,78500CE,820,,-485,79900PE,786,,614.875,,,,129.875,0,0,0,129.88,13:00:00,15:25:00,30,50,0.5,79782.92,79400CE,404.25,,-1.7,80200PE,433.4,,27.7325,,,,26.029375,0,0,0,26.03,155.91
02-12-2024,09:16:00,13:00:00,0,0,1,79476.49,79300CE,762.6,,-366.88,80000PE,790.65,,169.266875,,,,-197.615625,0,0,0,-197.62,13:00:00,15:25:00,30,50,0.5,79912.65,80600CE,394.65,14:01:00,-123.33,79400PE,390,,82.43,79400PE,316.7,,0,-123.33,68.425,14,-40.905,-238.52
03-12-2024,09:16:00,13:00:00,0,0,1,80364.96,80000CE,868.2,,-251.5,80900PE,844.75,,256.340625,,,,4.838125,0,0,0,4.84,13:00:00,15:25:00,30,50,0.5,80791.25,81100CE,409.95,,-17.72,80500PE,415.9,,-42.29875,,,,-60.023125,0,0,0,-60.02,-55.18
04-12-2024,09:16:00,13:00:00,0,0,1,80904.22,80400CE,865.1,,-16.31,81400PE,837,,30.6375,,,,14.32375,0,0,0,14.32,13:00:00,15:25:00,30,50,0.5,80975.58,81200CE,417.15,,-13.71,80600PE,403.7,,4.70375,,,,-9.010625,0,0,0,-9.01,5.31
05-12-2024,09:16:00,13:00:00,0,0,1,81116.5,80600CE,831.65,,-315.2,81600PE,802.1,,178.87375,,,,-136.321875,0,0,0,-136.32,13:00:00,15:25:00,30,50,0.5,81458.5,81700CE,440.75,14:12:00,-137.73,81200PE,444.1,,260.45,81200PE,261.05,,0,-137.73,177.49875,82.95,122.71875,-13.6
06-12-2024,09:16:00,13:00:00,0,0,1,81777.34,81200CE,825.95,,205.48,82400PE,832.15,,202.998125,,,,408.47375,0,0,0,408.47,13:00:00,15:25:00,30,50,0.5,81808.73,81400CE,422.3,,107.57,82200PE,426.95,,-69.436875,,,,38.134375,0,0,0,38.13,446.6
09-12-2024,09:16:00,13:00:00,0,0,1,81647.69,81400CE,816.55,,76.29,82000PE,841.55,,64.830625,,,,141.12375,0,0,0,141.12,13:00:00,15:25:00,30,50,0.5,81608.81,82000CE,436.5,,29.24,81300PE,423.25,,-60.290625,,,,-31.046875,0,0,0,-31.05,110.07
10-12-2024,09:16:00,13:00:00,0,0,1,81548.4,81100CE,831.75,,174.2,82000PE,818.4,,-113.23,,,,60.973125,0,0,0,60.97,13:00:00,15:25:00,30,50,0.5,81337.07,81600CE,399.75,,-55.75,81100PE,403.45,,95.556875,,,,39.81,0,0,0,39.81,100.78
11-12-2024,09:16:00,13:00:00,0,0,1,81530.68,80800CE,890.1,,-59.38,82200PE,870,,117.425,,,,58.04875,0,0,0,58.05,13:00:00,15:25:00,30,50,0.5,81548.42,81500CE,427.9,,9.15,81700PE,407.05,,22.911875,,,,32.063125,0,0,0,32.06,90.11
12-12-2024,09:16:00,13:00:00,0,0,1,81554.6,80700CE,931.25,,154.06,82500PE,966,,-229.975,,,,-75.915625,0,0,0,-75.92,13:00:00,15:25:00,30,50,0.5,81355.73,81200CE,408,,40.1,81600PE,430.15,,24.473125,,,,64.573125,0,0,0,64.57,-11.35
13-12-2024,09:16:00,13:00:00,0,0,1,81096.06,80200CE,919.15,,-710.39,81900PE,876.2,,525.9975,,,,-184.391875,0,0,0,-184.39,13:00:00,15:25:00,30,50,0.5,81742.71,81500CE,482.75,13:49:00,-150.86,82100PE,453.7,13:16:00,-141.78,81500CE,312.35,13:36:00,0,-141.78,164.365625,-156.18,-133.589375,-317.98
16-12-2024,09:16:00,13:00:00,0,0,1,81969.92,81500CE,875.95,,45.1,82600PE,856.55,,-295.006875,,,,-249.90625,0,0,0,-249.91,13:00:00,15:25:00,30,50,0.5,81707.9,82300CE,435.35,,8.91,81300PE,420.9,,54.38875,,,,63.296875,0,0,0,63.3,-186.61
17-12-2024,09:16:00,13:00:00,0,0,1,81464.38,81200CE,821.6,,287.13,82000PE,821.15,,-353.364375,,,,-66.234375,0,0,0,-66.23,13:00:00,15:25:00,30,50,0.5,80961.38,81400CE,441.5,,95.33,80800PE,428.25,13:31:00,-133.83,81400CE,338.65,,0,-133.828125,97.33125,-2,-38.5,-104.73
18-12-2024,09:16:00,13:00:00,0,0,1,80555.3,80100CE,839.35,,313.86,81200PE,827.5,,-301.09375,,,,12.764375,0,0,0,12.76,13:00:00,15:25:00,30,50,0.5,80152.79,80300CE,413.85,,-32.37,80200PE,410.55,,24.268125,,,,-8.105,0,0,0,-8.1,4.66
19-12-2024,09:16:00,13:00:00,0,0,1,79310.12,78900CE,773.15,,164.24,79900PE,777.8,,36.9775,,,,201.213125,0,0,0,201.21,13:00:00,15:25:00,30,50,0.5,79282.57,79100CE,457.85,,28.33,79500PE,430.65,13:19:00,-134.58,79100CE,429.55,,0,-134.578125,22.576875,5.75,-106.25,94.96
20-12-2024,09:16:00,13:00:00,0,0,1,79057.31,78300CE,817.8,,545.83,79700PE,826.35,,-435.329375,,,,110.498125,0,0,0,110.5,13:00:00,15:25:00,30,50,0.5,78505.06,78100CE,417.55,,411.53,78800PE,398.35,13:04:00,-124.48,78100CE,332.9,,0,-124.484375,79.430625,332.1,287.05,397.55
23-12-2024,09:16:00,13:00:00,0,0,1,78647.25,78500CE,800,,331.45,79000PE,779.35,,-83.441875,,,,248.008125,0,0,0,248.01,13:00:00,15:25:00,30,50,0.5,78324.41,78600CE,411.7,,-82.9,78200PE,399.15,,120.960625,,,,38.064375,0,0,0,38.06,286.07
24-12-2024,09:16:00,13:00:00,0,0,1,78564.24,78100CE,756.15,,-98.6,79200PE,752.95,,127.488125,,,,28.88625,0,0,0,28.89,13:00:00,15:25:00,30,50,0.5,78661.1,78700CE,427.25,,93.56,78900PE,428.8,13:46:00,-134,78700CE,336.15,,0,-134,85.759375,7.8,-40.44,-11.55
26-12-2024,09:16:00,13:00:00,0,0,1,78760.66,78200CE,784.6,,240.74,79500PE,780,,-235.75,,,,4.9925,0,0,0,4.99,13:00:00,15:25:00,30,50,0.5,78472.05,78400CE,405.15,,2.24,78700PE,395.1,13:34:00,-123.47,78400CE,307.8,,0,-123.46875,92.285625,-90.05,-121.23,-116.24
27-12-2024,09:16:00,13:00:00,0,0,1,78729.67,78000CE,805.6,,50.58,79400PE,773.55,,98.030625,,,,148.610625,0,0,0,148.61,13:00:00,15:25:00,30,50,0.5,78742.94,78300CE,451.2,,47.41,79200PE,468.35,,-39.704375,,,,7.705625,0,0,0,7.71,156.32
30-12-2024,09:16:00,13:00:00,0,0,1,78574.67,78200CE,801.95,,-88.27,79200PE,816.55,,34.543125,,,,-53.73125,0,0,0,-53.73,13:00:00,15:25:00,30,50,0.5,78643.85,79100CE,377.9,,114.23,78400PE,387.85,13:31:00,-121.2,79100CE,287.1,,0,-121.203125,86.07625,28.15,-6.98,-60.71
31-12-2024,09:16:00,13:00:00,0,0,1,77882.3,77500CE,807.95,,-103.25,78500PE,818.15,,26.923125,,,,-76.32625,0,0,0,-76.33,13:00:00,15:25:00,30,50,0.5,77976.98,78400CE,401.8,13:39:00,-125.56,77700PE,382.85,,92.31,77700PE,290.8,,0,-125.56,87.264375,5.05,-33.245625,-109.58
01-01-2025,09:16:00,13:00:00,0,0,1,78153.66,77700CE,829.7,,-296.17,78700PE,809.7,,163.67875,,,,-132.4925,0,0,0,-132.49,13:00:00,15:25:00,30,50,0.5,78477.88,78900CE,402.9,14:02:00,-125.91,78200PE,417.4,,80.18,78200PE,298.35,,0,-125.91,113.8325,-33.65,-45.7275,-178.22
02-01-2025,09:16:00,13:00:00,0,0,1,78715.15,78300CE,765.4,,-589.32,79200PE,769.2,,437.485,,,,-151.8325,0,0,0,-151.83,13:00:00,15:25:00,30,50,0.5,79519.51,79700CE,388.1,14:55:00,-121.28,79400PE,393.25,,262.13,79400PE,115.75,,0,-121.28,272.584375,-10.45,140.854375,-10.98
03-01-2025,09:16:00,13:00:00,0,0,1,79833.82,79200CE,736.65,,378.54,80500PE,764.75,,-214.859375,,,,163.6825,0,0,0,163.68,13:00:00,15:25:00,30,50,0.5,79495.14,79100CE,444.65,13:05:00,-138.95,80000PE,482.15,13:59:00,-150.67,80000PE,409.8,13:59:00,0,-138.95,66.323125,-204.9,-277.526875,-113.85
06-01-2025,09:16:00,13:00:00,0,0,1,79335.56,78700CE,762.6,,475.37,80000PE,794,,-873.825,,,,-398.4575,0,0,0,-398.46,13:00:00,15:25:00,30,50,0.5,78453.13,78400CE,409.8,,162.73,78300PE,389.1,13:16:00,-121.59,78400CE,328.7,,0,-121.59375,75.9775,86.75,41.13,-357.33
07-01-2025,09:16:00,13:00:00,0,0,1,78293.82,77700CE,763.15,,227.36,79000PE,765.95,,-41.574375,,,,185.78625,0,0,0,185.79,13:00:00,15:25:00,30,50,0.5,78225.28,77800CE,427.15,,24.91,78600PE,395.95,13:59:00,-123.73,77800CE,330.65,,0,-123.734375,91.160625,-66.25,-98.82,86.97
08-01-2025,09:16:00,13:00:00,0,0,1,78126.98,77900CE,779.4,,342.91,78400PE,758.8,,-218.685,,,,124.2225,0,0,0,124.22,13:00:00,15:25:00,30,50,0.5,77606.46,78000CE,383.65,13:43:00,-119.89,77300PE,382.6,,186.72,77300PE,278.65,,0,-119.89,99.1675,87.55,66.8275,191.05
09-01-2025,09:16:00,13:00:00,0,0,1,77967.36,77500CE,795.2,,161.86,78500PE,794.55,,-170.731875,,,,-8.871875,0,0,0,-8.87,13:00:00,15:25:00,30,50,0.5,77672.92,77900CE,412.35,,-10.65,77600PE,412.4,,47.395,,,,36.740625,0,0,0,36.74,27.87
10-01-2025,09:16:00,13:00:00,0,0,1,77796.8,77200CE,814.8,,116.61,78400PE,848.1,,-22.50125,,,,94.11375,0,0,0,94.11,13:00:00,15:25:00,30,50,0.5,77676.15,77600CE,429,,157.59,77700PE,404.65,14:12:00,-126.45,77600CE,317.45,,0,-126.453125,106.1875,51.4,31.13,125.24
13-01-2025,09:16:00,13:00:00,0,0,1,76578.18,76100CE,777.45,,92.88,77300PE,763.3,,62.50875,,,,155.390625,0,0,0,155.39,13:00:00,15:25:00,30,50,0.5,76639.88,76500CE,379,,155.76,76900PE,391.5,13:48:00,-122.34,76500CE,285.85,,0,-122.34375,88.4125,67.35,33.42,188.81
14-01-2025,09:16:00,13:00:00,0,0,1,76691.54,75900CE,838.6,,248.32,77500PE,850.65,,-190.333125,,,,57.984375,0,0,0,57.98,13:00:00,15:25:00,30,50,0.5,76483.51,76000CE,483.55,,-23.74,76900PE,439.75,,35.353125,,,,11.60875,0,0,0,11.61,69.59
15-01-2025,09:16:00,13:00:00,0,0,1,76798.96,76500CE,751.3,,70.91,77200PE,752.25,,38.296875,,,,109.205625,0,0,0,109.21,13:00:00,15:25:00,30,50,0.5,76800.54,77000CE,401.2,,33.58,76600PE,396.35,13:29:00,-123.86,77000CE,333,,0,-123.859375,63.185,-29.6,-90.27,18.94
16-01-2025,09:16:00,13:00:00,0,0,1,77131.26,76600CE,799.45,,-4.94,77800PE,810,,-79.575,,,,-84.518125,0,0,0,-84.52,13:00:00,15:25:00,30,50,0.5,77086.1,77300CE,390,,-6.73,77000PE,397.95,,-36.224375,,,,-42.949375,0,0,0,-42.95,-127.47
17-01-2025,09:16:00,13:00:00,0,0,1,76604.45,76200CE,798.05,,-51.03,77300PE,775,,-64.5875,,,,-115.613125,0,0,0,-115.61,13:00:00,15:25:00,30,50,0.5,76708.52,77000CE,380.95,,126.94,76400PE,370.75,,81.715625,,,,208.65375,0,0,0,208.65,93.04
20-01-2025,09:16:00,13:00:00,0,0,1,76856.05,76200CE,778.05,,-193.18,77500PE,766,,231.125,,,,37.949375,0,0,0,37.95,13:00:00,15:25:00,30,50,0.5,77140.15,76900CE,400.4,13:16:00,-125.12,77300PE,387,,-19.29,77300PE,303.2,,0,-125.12,78.9625,-98.25,-144.4075,-106.46
21-01-2025,09:16:00,13:00:00,0,0,1,77125.51,76300CE,848.8,,274.39,77900PE,831.25,,-501.090625,,,,-226.700625,0,0,0,-226.7,13:00:00,15:25:00,30,50,0.5,76623.96,76600CE,403.2,13:02:00,-126,76600PE,401.45,13:20:00,-125.45,76600PE,304.95,13:20:00,0,-126,91.481875,-152.47,-186.993125,-413.69
22-01-2025,09:16:00,13:00:00,0,0,1,76029.25,75900CE,778.4,,104.77,76400PE,779.6,,-54.095,,,,50.675,0,0,0,50.67,13:00:00,15:25:00,30,50,0.5,75931.84,76500CE,390.55,14:39:00,-122.05,75500PE,398.95,,164.36,75500PE,252.45,,0,-122.05,141.513125,22.85,42.313125,92.98
23-01-2025,09:16:00,13:00:00,0,0,1,76271.14,75900CE,757.8,,-290.07,76700PE,757,,227.2875,,,,-62.785,0,0,0,-62.79,13:00:00,15:25:00,30,50,0.5,76664.55,76900CE,417.6,,56.43,76500PE,432.45,,-13.055625,,,,43.374375,0,0,0,43.37,-19.42
24-01-2025,09:16:00,13:00:00,0,0,1,76691.25,76300CE,753.65,,193.48,77200PE,753.45,,-86.568125,,,,106.91125,0,0,0,106.91,13:00:00,15:25:00,30,50,0.5,76540.63,76600CE,386.7,,141.37,76500PE,395.35,14:15:00,-123.55,76600CE,279.3,,0,-123.546875,102.56625,38.8,17.82,124.73
27-01-2025,09:16:00,13:00:00,0,0,1,75638.4,75000CE,890.2,,260.07,76500PE,903.25,,-171.990625,,,,88.081875,0,0,0,88.08,13:00:00,15:25:00,30,50,0.5,75474,75300CE,408.9,,51.84,75700PE,411.1,,-33.33875,,,,18.5,0,0,0,18.5,106.58
28-01-2025,09:16:00,13:00:00,0,0,1,75758.95,75000CE,757.85,,-471.62,76400PE,767.55,,548.105625,,,,76.4825,0,0,0,76.48,13:00:00,15:25:00,30,50,0.5,76215.37,75800CE,430.35,14:25:00,-134.48,76600PE,392.5,14:47:00,-122.66,76600PE,270.7,14:46:00,0,-134.48,116.89375,-135.35,-152.93625,-76.46
29-01-2025,09:16:00,13:00:00,0,0,1,76187.64,76600CE,779.95,,-179.3,75900PE,790.9,,40.41375,,,,-138.885625,0,0,0,-138.89,13:00:00,15:25:00,30,50,0.5,76387.86,78000CE,398,,-31.62,74800PE,401.65,,3.429375,,,,-28.195625,0,0,0,-28.2,-167.09
30-01-2025,09:16:00,13:00:00,0,0,1,76514.22,77100CE,757.95,,-131.52,75900PE,744.8,,134.94,,,,3.415625,0,0,0,3.42,13:00:00,15:25:00,30,50,0.5,76770.3,78400CE,384.8,,27.19,75100PE,381.3,,66.48375,,,,93.67375,0,0,0,93.67,97.09
31-01-2025,09:16:00,13:00:00,0,0,1,76890.89,77300CE,764.7,,-110.81,76500PE,755.9,,402.75125,,,,291.9425,0,0,0,291.94,13:00:00,15:25:00,30,50,0.5,77435.26,78300CE,385.9,,-5.97,76700PE,392,,9.1,,,,3.12625,0,0,0,3.13,295.07
01-02-2025,09:16:00,13:00:00,0,0,1,77563.89,77300CE,815.9,,359.55,77900PE,803.55,,48.605625,,,,408.156875,0,0,0,408.16,13:00:00,15:25:00,30,50,0.5,77335.96,77400CE,390.45,13:45:00,-122.02,77300PE,385.15,13:11:00,-120.36,77400CE,327.6,13:45:00,0,-120.36,57.969375,-163.8,-226.190625,181.97
03-02-2025,09:16:00,13:00:00,0,0,1,76811.86,76400CE,766.3,,-50.83,77700PE,773.8,,128.7275,,,,77.89875,0,0,0,77.9,13:00:00,15:25:00,30,50,0.5,77015.88,76900CE,392.4,13:03:00,-122.63,77400PE,402.8,,83.12,77400PE,303.65,,0,-122.63,94.115,-11,-39.515,38.39
04-02-2025,09:16:00,13:00:00,0,0,1,77590.63,76800CE,830.4,,-517.03,78400PE,843.6,,370.305,,,,-146.725,0,0,0,-146.72,13:00:00,15:25:00,30,50,0.5,78087.19,77900CE,430.25,13:34:00,-134.45,78300PE,401.4,,395.98,78300PE,302.6,,0,-134.45,93.7825,302.2,261.5325,114.81
05-02-2025,09:16:00,13:00:00,0,0,1,78582.41,78300CE,759.1,,100.31,79000PE,780.25,,-113.203125,,,,-12.891875,0,0,0,-12.89,13:00:00,15:25:00,30,50,0.5,78353.27,78800CE,414.3,,24.32,78100PE,408.65,,-29.708125,,,,-5.386875,0,0,0,-5.39,-18.28
06-02-2025,09:16:00,13:00:00,0,0,1,78411.44,78100CE,779.6,,254.1,78900PE,797.25,,-290.365625,,,,-36.260625,0,0,0,-36.26,13:00:00,15:25:00,30,50,0.5,77903.3,78400CE,385.6,,-55.22,77700PE,395,,48.0625,,,,-7.1575,0,0,0,-7.16,-43.42
07-02-2025,09:16:00,13:00:00,0,0,1,78043,77700CE,816.15,,255.65,78600PE,806.55,,-15.331875,,,,240.31625,0,0,0,240.32,13:00:00,15:25:00,30,50,0.5,77827.92,78000CE,384.1,,23.65,77900PE,373.55,14:08:00,-116.73,78000CE,290.1,,0,-116.734375,89.19875,-65.55,-93.09,147.23
10-02-2025,09:16:00,13:00:00,0,0,1,77578.28,77000CE,850,,370.02,78400PE,821.85,,-348.423125,,,,21.601875,0,0,0,21.6,13:00:00,15:25:00,30,50,0.5,77200.78,77100CE,407.2,14:56:00,-127.25,77400PE,377.3,,68.68,77400PE,286.4,,0,-127.25,86.18375,-17.5,-58.56625,-36.97
11-02-2025,09:16:00,13:00:00,0,0,1,77192.94,76500CE,827.15,,594.81,78000PE,850.95,,-555.136875,,,,39.67375,0,0,0,39.67,13:00:00,15:25:00,30,50,0.5,76628.49,76200CE,456.55,,356.64,77000PE,426,13:05:00,-133.12,76200CE,397.25,,0,-133.125,53.593125,303.05,223.52,263.19
12-02-2025,09:16:00,13:00:00,0,0,1,76158.22,76000CE,820,,-56,76700PE,810.95,,88.713125,,,,32.713125,0,0,0,32.71,13:00:00,15:25:00,30,50,0.5,76262.19,76900CE,391.95,,74.65,76000PE,401.9,14:07:00,-125.59,76900CE,260.65,,0,-125.59375,126.400625,-51.75,-50.94,-18.23
13-02-2025,09:16:00,13:00:00,0,0,1,76313.32,76000CE,800,,-192.55,76900PE,829.2,,283.085,,,,90.535,0,0,0,90.54,13:00:00,15:25:00,30,50,0.5,76632.88,76900CE,412.45,,177.24,76600PE,399.35,13:26:00,-124.8,76900CE,343.25,,0,-124.796875,64.044375,113.2,52.45,142.99
14-02-2025,09:16:00,13:00:00,0,0,1,76465.36,76000CE,799.1,,492.26,77100PE,777.45,,-747.118125,,,,-254.856875,0,0,0,-254.86,13:00:00,15:25:00,30,50,0.5,75533.65,75700CE,422.7,14:32:00,-132.09,75600PE,403.8,,156,75600PE,276.25,,0,-132.09,122.5025,33.5,23.9125,-230.95
17-02-2025,09:16:00,13:00:00,0,0,1,75330.16,75000CE,760.8,,-173.16,76100PE,768.4,,235.795,,,,62.635,0,0,0,62.63,13:00:00,15:25:00,30,50,0.5,75759.46,75700CE,424.75,13:35:00,-132.73,75900PE,400.45,,124.24,75900PE,336.75,,0,-132.73,58.694375,65.55,-8.485625,54.14
18-02-2025,09:16:00,13:00:00,0,0,1,75974.62,75300CE,820.45,,305.24,76700PE,817.85,,-176.623125,,,,128.62125,0,0,0,128.62,13:00:00,15:25:00,30,50,0.5,75731.76,75400CE,416,13:36:00,-130,76100PE,386.4,,254.92,76100PE,244.75,,0,-130,136.82,118.1,124.92,253.54
19-02-2025,09:16:00,13:00:00,0,0,1,75618.42,75500CE,791.2,,-218.44,76100PE,794.5,,255.46875,,,,37.02875,0,0,0,37.03,13:00:00,15:25:00,30,50,0.5,76019.1,76600CE,382.3,,61.97,75700PE,372.6,14:29:00,-116.44,76600CE,271.8,,0,-116.4375,105.72125,-43.75,-54.47,-17.44
20-02-2025,09:16:00,13:00:00,0,0,1,75627.5,75400CE,783.6,,30.81,76200PE,768.5,,100.54375,,,,131.34875,0,0,0,131.35,13:00:00,15:25:00,30,50,0.5,75720.17,76000CE,398.65,,2.47,75700PE,399.55,,6.605625,,,,9.0725,0,0,0,9.07,140.42
21-02-2025,09:16:00,13:00:00,0,0,1,75684.82,75200CE,785.9,,258.63,76300PE,756,,-250.05,,,,8.57625,0,0,0,8.58,13:00:00,15:25:00,30,50,0.5,75259.14,75400CE,406.25,,14.77,75400PE,410.05,,43.874375,,,,58.64625,0,0,0,58.65,67.23
24-02-2025,09:16:00,13:00:00,0,0,1,74783.58,74400CE,704.2,,220.75,75500PE,728.05,,-102.500625,,,,118.246875,0,0,0,118.25,13:00:00,15:25:00,30,50,0.5,74554.19,74500CE,403.95,,50.1,75000PE,408.75,13:38:00,-127.73,74500CE,295.7,,0,-127.734375,103.200625,-53.1,-77.63,40.62
25-02-2025,09:16:00,13:00:00,0,0,1,74482.08,73800CE,795.4,,-144.54,75300PE,769.95,,176.725625,,,,32.183125,0,0,0,32.18,13:00:00,15:25:00,30,50,0.5,74678.5,74400CE,340.1,,137.3,75100PE,381.05,15:21:00,-119.08,74400CE,203,,0,-119.078125,132.84875,4.45,18.22,50.4
27-02-2025,09:16:00,13:00:00,0,0,1,74728.76,74300CE,751.85,,42.45,75400PE,733.75,,9.278125,,,,51.73,0,0,0,51.73,13:00:00,15:25:00,30,50,0.5,74635.29,74800CE,374.4,,6.12,74800PE,355.6,,-38.795,,,,-32.675,0,0,0,-32.68,19.05
28-02-2025,09:16:00,13:00:00,0,0,1,73925.52,73600CE,767.45,,475.36,74700PE,742.1,,-641.77625,,,,-166.419375,0,0,0,-166.42,13:00:00,15:25:00,30,50,0.5,73208.36,73400CE,374.65,14:45:00,-117.08,73300PE,359.25,,27.76,73300PE,253.65,,0,-117.08,101.109375,-73.35,-89.320625,-255.74
03-03-2025,09:16:00,13:00:00,0,0,1,73579.69,73000CE,743.2,,373.11,74300PE,756.1,,-368.75125,,,,4.35875,0,0,0,4.36,13:00:00,15:25:00,30,50,0.5,73112.11,72900CE,426.5,13:17:00,-133.28,73400PE,400.5,,33.49,73400PE,283.7,13:32:00,0,-133.28,111.79375,-141.85,-163.33625,-158.98
04-03-2025,09:16:00,13:00:00,0,0,1,72699.02,72000CE,730,,-174.73,73400PE,732.05,,212.649375,,,,37.924375,0,0,0,37.92,13:00:00,15:25:00,30,50,0.5,72888.34,72500CE,406.75,,-85.33,73300PE,410.55,,92.218125,,,,6.88375,0,0,0,6.88,44.8
05-03-2025,09:16:00,13:00:00,0,0,1,73157.07,72800CE,708.05,,-551.25,73600PE,719.35,,362.358125,,,,-188.8925,0,0,0,-188.89,13:00:00,15:25:00,30,50,0.5,73818.48,74100CE,378.4,,13.22,73700PE,386.55,,-39.731875,,,,-26.511875,0,0,0,-26.51,-215.4
06-03-2025,09:16:00,13:00:00,0,0,1,74083.66,73700CE,712,,73.5,74700PE,745,,-95.5125,,,,-22.0125,0,0,0,-22.01,13:00:00,15:25:00,30,50,0.5,74045.76,74100CE,395.3,14:41:00,-123.53,73900PE,381.7,,96.78,73900PE,276.35,,0,-123.53,100.57875,-3.8,-26.75125,-48.76
07-03-2025,09:16:00,13:00:00,0,0,1,74269.53,73800CE,739.5,,20.26,74800PE,707.85,,97.001875,,,,117.258125,0,0,0,117.26,13:00:00,15:25:00,30,50,0.5,74346.24,74300CE,375.25,,4.41,74400PE,361.4,,-0.1675,,,,4.241875,0,0,0,4.24,121.5
10-03-2025,09:16:00,13:00:00,0,0,1,74348.11,73700CE,718,,-90.48,75000PE,750.1,,167.12375,,,,76.64875,0,0,0,76.65,13:00:00,15:25:00,30,50,0.5,74549.47,74100CE,440.7,,222.64,74800PE,405.6,14:17:00,-126.75,74100CE,331.45,,0,-126.75,103.74125,118.9,95.89,172.54
11-03-2025,09:16:00,13:00:00,0,0,1,73690.77,73100CE,717,,-161.06,74500PE,746.6,,199.3175,,,,38.255,0,0,0,38.25,13:00:00,15:25:00,30,50,0.5,73954.77,73500CE,473.7,13:59:00,-148.03,74400PE,436,,134.15,74400PE,297.15,,0,-148.03,133.4,0.75,-13.88,24.37
12-03-2025,09:16:00,13:00:00,0,0,1,74362.44,74000CE,706.05,,392.07,74900PE,738.75,,-507.234375,,,,-115.16,0,0,0,-115.16,13:00:00,15:25:00,30,50,0.5,73708.22,73800CE,392.4,13:22:00,-122.63,73700PE,411.5,,140.11,73700PE,320.2,,0,-122.63,86.15625,53.95,17.47625,-97.68
13-03-2025,09:16:00,13:00:00,0,0,1,74105.32,73600CE,718,,107.02,74700PE,730,,-39.325,,,,67.7,0,0,0,67.7,13:00:00,15:25:00,30,50,0.5,74052.07,73900CE,405.4,,84.13,74200PE,412,14:50:00,-128.75,73900CE,286.9,,0,-128.75,113.4325,-29.3,-44.62,23.08
17-03-2025,09:16:00,13:00:00,0,0,1,74122.2,73500CE,742.6,,133.32,74900PE,774.45,,-125.480625,,,,7.836875,0,0,0,7.84,13:00:00,15:25:00,30,50,0.5,74011.74,73800CE,381.1,13:59:00,-119.09,74300PE,403.3,,114.06,74300PE,296.4,,0,-119.09,101.85875,12.2,-5.03125,2.81
18-03-2025,09:16:00,13:00:00,0,0,1,74591.28,73900CE,718.05,,-406.03,75300PE,745,,413.6875,,,,7.661875,0,0,0,7.66,13:00:00,15:25:00,30,50,0.5,74955.37,74600CE,405.85,13:18:00,-126.83,75400PE,419.4,,318.71,75400PE,302.6,,0,-126.83,111.5575,207.15,191.8775,199.54
19-03-2025,09:16:00,13:00:00,0,0,1,75368.51,75000CE,813.45,,-87.87,76100PE,800,,107.75,,,,19.881875,0,0,0,19.88,13:00:00,15:25:00,30,50,0.5,75563.17,75800CE,388.75,,8.39,75500PE,374.5,,-47.58125,,,,-39.190625,0,0,0,-39.19,-19.31
20-03-2025,09:16:00,13:00:00,0,0,1,75806.81,75300CE,794.4,,-193.63,76500PE,789.95,,221.575625,,,,27.945625,0,0,0,27.95,13:00:00,15:25:00,30,50,0.5,76067.47,76100CE,400.85,13:14:00,-125.27,76200PE,390.5,,108.27,76200PE,322.7,,0,-125.27,62.91875,45.35,-17.00125,10.95
21-03-2025,09:16:00,13:00:00,0,0,1,76209.64,75700CE,800.35,,-681.9,77100PE,812.55,,471.393125,,,,-210.51125,0,0,0,-210.51,13:00:00,15:25:00,30,50,0.5,77036.38,77000CE,409.7,,98.33,77300PE,431.55,13:36:00,-134.86,77000CE,285,,0,-134.859375,119.57875,-21.25,-36.53,-247.04
24-03-2025,09:16:00,13:00:00,0,0,1,77443.54,76700CE,808.4,,-422.5,78200PE,810.15,,327.673125,,,,-94.831875,0,0,0,-94.83,13:00:00,15:25:00,30,50,0.5,77851.12,77700CE,389.4,13:59:00,-121.69,78100PE,406.1,,145.72,78100PE,305.7,,0,-121.69,95.32375,50.4,24.03375,-70.8
25-03-2025,09:16:00,13:00:00,0,0,1,78332.29,77600CE,819.45,,291.16,79100PE,799,,-222.7875,,,,68.369375,0,0,0,68.37,13:00:00,15:25:00,30,50,0.5,78034.13,77700CE,426.5,13:50:00,-133.28,78500PE,409.75,13:17:00,-128.05,77700CE,295,13:36:00,0,-128.05,126.16875,-147.5,-149.38125,-81.01
26-03-2025,09:16:00,13:00:00,0,0,1,78029.21,77700CE,807.65,,157.55,78700PE,788.65,,-158.208125,,,,-0.65375,0,0,0,-0.65,13:00:00,15:25:00,30,50,0.5,77760.34,78100CE,421.9,,144.58,77800PE,402,13:18:00,-125.63,78100CE,316.55,,0,-125.625,100.07625,44.5,18.95,18.3
27-03-2025,09:16:00,13:00:00,0,0,1,77165.76,76800CE,818.3,,-371.43,78000PE,845.5,,376.08125,,,,4.6525,0,0,0,4.65,13:00:00,15:25:00,30,50,0.5,77653.4,77900CE,386.05,,-44.53,77900PE,406.1,,26.22375,,,,-18.301875,0,0,0,-18.3,-13.65
28-03-2025,09:16:00,13:00:00,0,0,1,77538.17,77100CE,803.7,,321.3,78400PE,767,,-237.2375,,,,84.06625,0,0,0,84.07,13:00:00,15:25:00,30,50,0.5,77344.5,77200CE,406.55,14:42:00,-127.05,77600PE,385.4,13:49:00,-120.44,77200CE,315.8,14:29:00,0,-120.44,85.668125,-157.9,-192.671875,-108.6
01-04-2025,09:16:00,13:00:00,0,0,1,76988.54,76300CE,802.1,,730.82,77800PE,771.2,,-1005.89,,,,-275.06625,0,0,0,-275.07,13:00:00,15:25:00,30,50,0.5,76088.27,75600CE,450.6,,27.37,76400PE,430.5,13:31:00,-134.53,75600CE,340.15,,0,-134.53125,104.8175,-77.45,-107.16,-382.23
02-04-2025,09:16:00,13:00:00,0,0,1,76202.6,75900CE,806.85,,-84.24,76800PE,802.05,,143.524375,,,,59.28875,0,0,0,59.29,13:00:00,15:25:00,30,50,0.5,76368.14,76700CE,402.15,,-80.58,76300PE,400,,8.8,,,,-71.776875,0,0,0,-71.78,-12.49
03-04-2025,09:16:00,13:00:00,0,0,1,76084.09,75700CE,758.65,,-107.93,76600PE,780.8,,224.84,,,,116.906875,0,0,0,116.91,13:00:00,15:25:00,30,50,0.5,76334.96,76400CE,391.8,,-8.65,76300PE,394,,-61.425,,,,-70.0725,0,0,0,-70.07,46.84
04-04-2025,09:16:00,13:00:00,0,0,1,75932.05,75300CE,809.3,,383.48,76500PE,806.95,,-288.986875,,,,94.496875,0,0,0,94.5,13:00:00,15:25:00,30,50,0.5,75558.32,75300CE,415.7,,85,75600PE,396.05,13:44:00,-123.77,75300CE,317,,0,-123.765625,93.50375,-8.5,-38.76,55.74
07-04-2025,09:16:00,13:00:00,0,0,1,72815.23,72400CE,706.25,,24.87,73400PE,701.6,,-837.17,,,,-812.298125,0,0,0,-812.3,13:00:00,15:25:00,30,50,0.5,72153.85,73200CE,349.2,13:47:00,-109.12,70700PE,350.8,,174.52,70700PE,221.55,,0,-109.12,124.865,49.65,65.395,-746.9
08-04-2025,09:16:00,13:00:00,0,0,1,74280.5,73700CE,814.15,,-297.03,75000PE,780.4,,315.695,,,,18.668125,0,0,0,18.67,13:00:00,15:25:00,30,50,0.5,74711.61,74600CE,402,,396.83,74900PE,402.15,13:39:00,-125.67,74600CE,191,13:41:00,0,-125.671875,205.975,-95.5,-15.2,3.47
09-04-2025,09:16:00,13:00:00,0,0,1,73856.38,74100CE,739.55,,73.61,73500PE,727.45,,139.356875,,,,212.9625,0,0,0,212.96,13:00:00,15:25:00,30,50,0.5,73860.76,74800CE,371.85,,-82.3,72800PE,378.65,,-76.083125,,,,-158.38125,0,0,0,-158.38,54.58
11-04-2025,09:16:00,13:00:00,0,0,1,74912.33,74900CE,710.1,,-160.38,75400PE,728.2,,150.3975,,,,-9.97875,0,0,0,-9.98,13:00:00,15:25:00,30,50,0.5,75343.59,75700CE,413.75,,-32.22,75000PE,406.2,13:53:00,-126.94,75700CE,401,,0,-126.9375,7.578125,-39.8,-159.16,-169.14
15-04-2025,09:16:00,13:00:00,0,0,1,76603.81,75900CE,815.35,,-81.14,77400PE,833.95,,203.075625,,,,121.93375,0,0,0,121.93,13:00:00,15:25:00,30,50,0.5,76823.2,76400CE,394.2,,61.07,77200PE,423.75,,-53.496875,,,,7.575625,0,0,0,7.58,129.51
16-04-2025,09:16:00,13:00:00,0,0,1,76632.82,76100CE,795,,-142.44,77100PE,801.5,,70.63125,,,,-71.80625,0,0,0,-71.81,13:00:00,15:25:00,30,50,0.5,76748.07,77000CE,394.85,14:00:00,-123.39,76400PE,386,,51.32,76400PE,307.95,,0,-123.39,73.225,-21.9,-72.065,-143.88
17-04-2025,09:16:00,13:00:00,0,0,1,76878.44,76300CE,832,,-1081.55,77400PE,805.9,,515.42625,,,,-566.12375,0,0,0,-566.12,13:00:00,15:25:00,30,50,0.5,78166.08,78300CE,414.55,13:15:00,-129.55,77900PE,431.25,,152.81,77900PE,355.85,,0,-129.55,70.009375,82.8,23.259375,-542.86
21-04-2025,09:16:00,13:00:00,0,0,1,79117.56,78400CE,761.85,,-482.52,79600PE,782.9,,448.31375,,,,-34.209375,0,0,0,-34.21,13:00:00,15:25:00,30,50,0.5,79605.28,79400CE,412.75,,136.04,79800PE,438.35,13:41:00,-136.98,79400CE,336.85,,0,-136.984375,70.740625,65.3,-0.94,-35.15
22-04-2025,09:16:00,13:00:00,0,0,1,79369.32,78600CE,755.2,,-249.24,80000PE,750,,325.125,,,,75.885,0,0,0,75.89,13:00:00,15:25:00,30,50,0.5,79594.94,79200CE,405,,2.94,80000PE,415.5,,8.40625,,,,11.34375,0,0,0,11.34,87.23
23-04-2025,09:16:00,13:00:00,0,0,1,80086.39,79800CE,826.2,,157.67,80500PE,802.7,,-111.78375,,,,45.88875,0,0,0,45.89,13:00:00,15:25:00,30,50,0.5,79873.28,80400CE,382.75,,-80.28,79400PE,370.1,,45.32375,,,,-34.960625,0,0,0,-34.96,10.93
24-04-2025,09:16:00,13:00:00,0,0,1,79929.56,79600CE,799.35,,81.16,80400PE,781.25,,-27.865625,,,,53.2925,0,0,0,53.29,13:00:00,15:25:00,30,50,0.5,79851.1,80200CE,391.9,,-11.15,79600PE,399.5,,-80.69375,,,,-91.8425,0,0,0,-91.84,-38.55
25-04-2025,09:16:00,13:00:00,0,0,1,80102.1,79500CE,879.15,,530.61,80700PE,857.75,,-1002.421875,,,,-471.81125,0,0,0,-471.81,13:00:00,15:25:00,30,50,0.5,79159.01,79400CE,379.5,13:36:00,-118.59,78900PE,397.65,,-6.32,78900PE,335.9,,0,-118.59,56.779375,-63.1,-124.910625,-596.72
28-04-2025,09:16:00,13:00:00,0,0,1,79588.4,78900CE,761.9,,-675.27,80100PE,760.15,,526.898125,,,,-148.375625,0,0,0,-148.38,13:00:00,15:25:00,30,50,0.5,80289.13,80000CE,466.6,,80.07,80600PE,485.85,14:39:00,-151.83,80000CE,332.5,,0,-151.828125,128.2675,-48.2,-71.76,-220.14
29-04-2025,09:16:00,13:00:00,0,0,1,80532.19,79600CE,898.25,,145.97,81300PE,850,,-112.625,,,,33.346875,0,0,0,33.35,13:00:00,15:25:00,30,50,0.5,80388.42,79900CE,441,,44.69,80800PE,478.75,,-37.134375,,,,7.553125,0,0,0,7.55,40.9
30-04-2025,09:16:00,13:00:00,0,0,1,80123.19,79800CE,834.7,,-153.88,80500PE,829.85,,95.226875,,,,-58.656875,0,0,0,-58.66,13:00:00,15:25:00,30,50,0.5,80320.98,80800CE,407.8,,28.3,79700PE,413.75,,-81.421875,,,,-53.119375,0,0,0,-53.12,-111.78
02-05-2025,09:16:00,13:00:00,0,0,1,80680.67,80200CE,837.45,,247.28,81200PE,840.8,,-217.26,,,,30.021875,0,0,0,30.02,13:00:00,15:25:00,30,50,0.5,80338,80500CE,418.2,13:30:00,-130.69,80100PE,404.55,,84.84,80100PE,279.3,14:30:00,0,-130.69,120.193125,-139.65,-150.146875,-120.13
05-05-2025,09:16:00,13:00:00,0,0,1,80839.32,80000CE,873.25,,-15.97,81500PE,850,,84.825,,,,68.859375,0,0,0,68.86,13:00:00,15:25:00,30,50,0.5,80841.46,80500CE,441.4,,-2.77,81100PE,427.85,,51.001875,,,,48.234375,0,0,0,48.23,117.09
06-05-2025,09:16:00,13:00:00,0,0,1,80846.52,79900CE,929.4,,198.58,81700PE,903.05,,-171.438125,,,,27.144375,0,0,0,27.14,13:00:00,15:25:00,30,50,0.5,80560.47,80200CE,421.65,,-36.62,81000PE,388.3,,36.64625,,,,0.025625,0,0,0,0.03,27.17
07-05-2025,09:16:00,13:00:00,0,0,1,80532.09,80300CE,857.9,,20.13,80800PE,844.6,,110.5925,,,,130.71875,0,0,0,130.72,13:00:00,15:25:00,30,50,0.5,80622,81000CE,439,,-26.99,80000PE,429.5,,-19.46875,,,,-46.45625,0,0,0,-46.46,84.26
08-05-2025,09:16:00,13:00:00,0,0,1,80811.14,80400CE,815,,82.71,81200PE,800.65,,99.741875,,,,182.454375,0,0,0,182.45,13:00:00,15:25:00,30,50,0.5,80782.91,80900CE,411.7,,83,80600PE,396.5,13:38:00,-123.91,80900CE,388.5,,0,-123.90625,18.05375,64.95,-40.9,141.55
09-05-2025,09:16:00,13:00:00,0,0,1,79771.29,79600CE,781.2,,211.74,79700PE,767.8,,24.4025,,,,236.1375,0,0,0,236.14,13:00:00,15:25:00,30,50,0.5,79536.53,79900CE,412.15,,50,78700PE,402.75,,49.965625,,,,99.96375,0,0,0,99.96,336.1
12-05-2025,09:16:00,13:00:00,0,0,1,81186.71,80400CE,808.35,,-853.85,81800PE,820.75,,451.840625,,,,-402.01375,0,0,0,-402.01,13:00:00,15:25:00,30,50,0.5,82003.44,82000CE,431.55,14:11:00,-134.86,82000PE,448.4,,150.6,82000PE,420.9,,0,-134.86,21.895,128.7,15.735,-386.28
13-05-2025,09:16:00,13:00:00,0,0,1,82532.39,81800CE,850.7,,793.07,83300PE,846.25,,-1332.578125,,,,-539.511875,0,0,0,-539.51,13:00:00,15:25:00,30,50,0.5,81198.82,80700CE,484.75,,39.14,81500PE,459.2,,92.31,,,,131.450625,0,0,0,131.45,-408.06
14-05-2025,09:16:00,13:00:00,0,0,1,81350.52,81100CE,836.15,,184.4,81600PE,852,,-98.1,,,,86.298125,0,0,0,86.3,13:00:00,15:25:00,30,50,0.5,81067.25,81600CE,427.05,15:25:00,-133.45,80500PE,409.25,,117.28,80500PE,286.85,,0,-133.45,117.284375,0,-16.165625,70.13
15-05-2025,09:16:00,13:00:00,0,0,1,81232.81,80900CE,807.35,,-193.39,81700PE,834.95,,111.863125,,,,-81.52875,0,0,0,-81.53,13:00:00,15:25:00,30,50,0.5,81461.8,82000CE,416.65,13:08:00,-130.2,81000PE,401.45,,224.73,81000PE,342.1,,0,-130.2,54.331875,170.4,94.531875,13
16-05-2025,09:16:00,13:00:00,0,0,1,82412.89,82000CE,839,,211.01,83000PE,815.95,,-82.249375,,,,128.763125,0,0,0,128.76,13:00:00,15:25:00,30,50,0.5,82242.98,82300CE,438.2,,-65.98,82300PE,429.55,,21.130625,,,,-44.846875,0,0,0,-44.85,83.91
19-05-2025,09:16:00,13:00:00,0,0,1,82215.94,81500CE,875.55,,-27.54,82900PE,856.4,,129.645,,,,102.100625,0,0,0,102.1,13:00:00,15:25:00,30,50,0.5,82274.41,82100CE,433.7,,178.28,82500PE,429.15,14:00:00,-134.11,82100CE,301.35,,0,-134.109375,126.92875,51.35,44.17,146.27
20-05-2025,09:16:00,13:00:00,0,0,1,82201.03,81400CE,832.5,,615.79,83000PE,836.35,,-702.704375,,,,-86.910625,0,0,0,-86.91,13:00:00,15:25:00,30,50,0.5,81534.89,81100CE,430.4,,335.77,81900PE,458.65,14:05:00,-143.33,81100CE,247.8,,0,-143.328125,177.22,158.55,192.44,105.53
21-05-2025,09:16:00,13:00:00,0,0,1,81300.13,81000CE,862.7,,-178.08,81800PE,861.7,,95.72875,,,,-82.355,0,0,0,-82.35,13:00:00,15:25:00,30,50,0.5,81498.2,82200CE,418.55,,16.57,81000PE,409,,4.2875,,,,20.855625,0,0,0,20.86,-61.49
22-05-2025,09:16:00,13:00:00,0,0,1,81177.37,80900CE,823.95,,357,81600PE,812.4,,-278.705,,,,78.295625,0,0,0,78.3,13:00:00,15:25:00,30,50,0.5,80621.85,81000CE,414.25,14:58:00,-129.45,80500PE,431.15,,152.16,80500PE,288.35,,0,-129.45,137.410625,14.75,22.710625,101.01
23-05-2025,09:16:00,13:00:00,0,0,1,80994.62,80500CE,811.4,,-714.99,81600PE,822.7,,372.66625,,,,-342.32625,0,0,0,-342.33,13:00:00,15:25:00,30,50,0.5,81803.8,82200CE,416.5,,77.29,81500PE,403.8,,-14.1975,,,,63.09625,0,0,0,63.1,-279.23
26-05-2025,09:16:00,13:00:00,0,0,1,82237.12,81800CE,843.6,,115.41,82900PE,838.3,,-129.77875,,,,-14.37375,0,0,0,-14.37,13:00:00,15:25:00,30,50,0.5,82107.44,82300CE,441.3,,-16.77,82000PE,444.35,,58.245625,,,,41.479375,0,0,0,41.48,27.11
27-05-2025,09:16:00,13:00:00,0,0,1,81772.52,81100CE,807,,374.36,82300PE,816.2,,-73.7525,,,,300.61,0,0,0,300.61,13:00:00,15:25:00,30,50,0.5,81509.17,81100CE,422.55,13:45:00,-132.05,81800PE,447,13:59:00,-139.69,81800PE,369.4,13:59:00,0,-132.05,72.0125,-184.7,-244.7375,55.87
28-05-2025,09:16:00,13:00:00,0,0,1,81485.51,81800CE,809.2,,94.24,81300PE,828.5,,163.79375,,,,258.02875,0,0,0,258.03,13:00:00,15:25:00,30,50,0.5,81487.98,82600CE,415.6,,92.16,80700PE,412.95,,-40.061875,,,,52.093125,0,0,0,52.09,310.12
29-05-2025,09:16:00,13:00:00,0,0,1,81788.73,81500CE,838.85,,296.36,82100PE,836.4,,-151.405,,,,144.959375,0,0,0,144.96,13:00:00,15:25:00,30,50,0.5,81347.9,81800CE,411,,-48.29,81100PE,405.9,,99.02625,,,,50.73875,0,0,0,50.74,195.7
30-05-2025,09:16:00,13:00:00,0,0,1,81487.11,80900CE,874.4,,41.72,82100PE,861.9,,-57.67375,,,,-15.95375,0,0,0,-15.95,13:00:00,15:25:00,30,50,0.5,81398.27,81600CE,425.8,,-47.77,81300PE,437.55,,8.080625,,,,-39.691875,0,0,0,-39.69,-55.64
02-06-2025,09:16:00,13:00:00,0,0,1,80866.99,80300CE,810.7,,-309.73,81200PE,794.45,,230.769375,,,,-78.964375,0,0,0,-78.96,13:00:00,15:25:00,30,50,0.5,81254.82,81600CE,400.6,,36.84,80900PE,411.15,,-0.189375,,,,36.653125,0,0,0,36.65,-42.31
03-06-2025,09:16:00,13:00:00,0,0,1,81406.4,80900CE,803.2,,578.26,81900PE,803.6,,-477.795,,,,100.465,0,0,0,100.47,13:00:00,15:25:00,30,50,0.5,80712.56,80400CE,433.9,,95.38,80900PE,433.65,,262.179375,,,,357.555625,0,0,0,357.56,458.03
04-06-2025,09:16:00,13:00:00,0,0,1,80918.98,80800CE,806.15,,55.07,81200PE,816.85,,181.839375,,,,236.9125,0,0,0,236.91,13:00:00,15:25:00,30,50,0.5,81014.5,81500CE,416,,-2.3,80800PE,432,,-39.4,,,,-41.7,0,0,0,-41.7,195.21
05-06-2025,09:16:00,13:00:00,0,0,1,81041.42,80600CE,811.4,,-435.29,81500PE,797,,324.9375,,,,-110.355,0,0,0,-110.35,13:00:00,15:25:00,30,50,0.5,81567.49,81900CE,419.3,,78.21,81400PE,419.05,14:02:00,-130.95,81900CE,307.15,,0,-130.953125,106.90875,-28.7,-52.74,-163.09
06-06-2025,09:16:00,13:00:00,0,0,1,81304.58,80800CE,822.2,,-632.08,81900PE,825.95,,475.625625,,,,-156.451875,0,0,0,-156.45,13:00:00,15:25:00,30,50,0.5,82140.42,82200CE,437.7,,43.98,82100PE,425.55,,61.580625,,,,105.559375,0,0,0,105.56,-50.89
09-06-2025,09:16:00,13:00:00,0,0,1,82617.07,81900CE,814.45,,113.27,83200PE,804.55,,13.293125,,,,126.5625,0,0,0,126.56,13:00:00,15:25:00,30,50,0.5,82470.52,82200CE,459.55,,46.56,82800PE,466.1,,-28.22625,,,,18.329375,0,0,0,18.33,144.89
10-06-2025,09:16:00,13:00:00,0,0,1,82509.7,81700CE,826.55,,10.97,83300PE,862.15,,51.373125,,,,62.34125,0,0,0,62.34,13:00:00,15:25:00,30,50,0.5,82507.44,82100CE,412.15,,118.2,82900PE,408.6,15:02:00,-127.69,82100CE,271.7,,0,-127.6875,135.298125,-17.1,-9.49,52.85
11-06-2025,09:16:00,13:00:00,0,0,1,82433.76,81900CE,827.9,,-277.5,83000PE,820.45,,202.594375,,,,-74.904375,0,0,0,-74.9,13:00:00,15:25:00,30,50,0.5,82743.29,83000CE,412.5,,106.54,82600PE,408.7,13:53:00,-127.72,83000CE,298.75,,0,-127.71875,108.59375,-2.05,-21.17,-96.07
12-06-2025,09:16:00,13:00:00,0,0,1,82479.31,81900CE,847.9,,185.3,83200PE,872,,-209.9,,,,-24.59875,0,0,0,-24.6,13:00:00,15:25:00,30,50,0.5,82182.73,82300CE,420.95,,191.39,82200PE,425.45,13:27:00,-132.95,82300CE,364.5,,0,-132.953125,51.188125,140.2,58.43,33.83
13-06-2025,09:16:00,13:00:00,0,0,1,80608.21,80200CE,837.55,,-177.92,81100PE,817,,328.6375,,,,150.718125,0,0,0,150.72,13:00:00,15:25:00,30,50,0.5,81030.58,81000CE,448.05,,-12.85,81000PE,429.35,,-15.366875,,,,-28.2175,0,0,0,-28.22,122.5
16-06-2025,09:16:00,13:00:00,0,0,1,81327.03,80500CE,863,,-435.79,82000PE,833.3,,397.88375,,,,-37.90375,0,0,0,-37.9,13:00:00,15:25:00,30,50,0.5,81752.27,81500CE,447.2,,0.56,82000PE,425,,33.6875,,,,34.2475,0,0,0,34.25,-3.65
17-06-2025,09:16:00,13:00:00,0,0,1,81817.95,81000CE,860,,372.85,82600PE,838.4,,-315.18,,,,57.67,0,0,0,57.67,13:00:00,15:25:00,30,50,0.5,81465.69,81000CE,476.4,,-109.66,81900PE,446.6,,121.8675,,,,12.2125,0,0,0,12.21,69.88
18-06-2025,09:16:00,13:00:00,0,0,1,81473.39,81000CE,844.25,,55.7,82000PE,831.95,,-53.899375,,,,1.7975,0,0,0,1.8,13:00:00,15:25:00,30,50,0.5,81318.86,81600CE,439,,-39.24,81200PE,445.5,,-2.21875,,,,-41.45625,0,0,0,-41.46,-39.66
19-06-2025,09:16:00,13:00:00,0,0,1,81408.46,80900CE,835.6,,-32.8,82000PE,809.35,,39.683125,,,,6.888125,0,0,0,6.89,13:00:00,15:25:00,30,50,0.5,81421.27,81600CE,419.95,,46,81400PE,433.05,,-34.763125,,,,11.2375,0,0,0,11.24,18.13
20-06-2025,09:16:00,13:00:00,0,0,1,81604.62,81000CE,868.4,,-415.46,82400PE,853,,374.7875,,,,-40.6675,0,0,0,-40.67,13:00:00,15:25:00,30,50,0.5,82116.08,82100CE,416,13:19:00,-130,82300PE,411.25,,82.66,82300PE,334,,0,-130,72.109375,10.55,-47.340625,-88.01
23-06-2025,09:16:00,13:00:00,0,0,1,81915.4,81200CE,884.4,,144.89,82800PE,895.3,,-124.79125,,,,20.10375,0,0,0,20.1,13:00:00,15:25:00,30,50,0.5,81810.4,81600CE,421.2,13:20:00,-131.62,82100PE,439.9,,90.4,82100PE,326.9,,0,-131.62,107.50125,-17.1,-41.21875,-21.12
24-06-2025,09:16:00,13:00:00,0,0,1,82786.27,82000CE,880.85,,225.64,83700PE,908.55,,-207.856875,,,,17.7825,0,0,0,17.78,13:00:00,15:25:00,30,50,0.5,82657.15,82300CE,404.1,,398.85,83000PE,443.8,13:17:00,-138.69,82300CE,286.3,,0,-138.6875,112.74875,286.1,260.16,277.94
25-06-2025,09:16:00,13:00:00,0,0,1,82356.1,81800CE,873.75,,-198.97,82900PE,850.75,,216.565625,,,,17.59375,0,0,0,17.59,13:00:00,15:25:00,30,50,0.5,82634.33,82800CE,414.3,13:30:00,-129.47,82500PE,420.45,,0.69,82500PE,383.75,,0,-129.47,31.444375,-30.75,-128.775625,-111.19
26-06-2025,09:16:00,13:00:00,0,0,1,82909.37,82300CE,838.8,,-324.84,83500PE,843,,203.1125,,,,-121.7225,0,0,0,-121.72,13:00:00,15:25:00,30,50,0.5,83231.44,83400CE,446.85,13:46:00,-139.64,83100PE,431,,170.51,83100PE,355.9,,0,-139.64,69.7125,100.8,30.8725,-90.85
27-06-2025,09:16:00,13:00:00,0,0,1,83890.38,83300CE,817.2,,-65.41,84600PE,819.25,,121.009375,,,,55.594375,0,0,0,55.59,13:00:00,15:25:00,30,50,0.5,84031.73,83900CE,437.55,,23.43,84200PE,434.7,,24.76625,,,,48.196875,0,0,0,48.2,103.79
30-06-2025,09:16:00,13:00:00,0,0,1,83956.68,83300CE,825.55,,312.93,84800PE,839.4,,-371.0925,,,,-58.161875,0,0,0,-58.16,13:00:00,15:25:00,30,50,0.5,83620.34,83400CE,428.45,,10.29,83900PE,440.3,,57.99625,,,,68.290625,0,0,0,68.29,10.13
01-07-2025,09:16:00,13:00:00,0,0,1,83624.92,82800CE,811,,-121.99,84400PE,854.6,,159.4675,,,,37.48,0,0,0,37.48,13:00:00,15:25:00,30,50,0.5,83691.76,83300CE,423.3,,18.81,84100PE,392.1,,-13.80125,,,,5.0075,0,0,0,5.01,42.49
02-07-2025,09:16:00,13:00:00,0,0,1,83906.53,83300CE,841.7,,251.73,84500PE,837.3,,-271.16625,,,,-19.4375,0,0,0,-19.44,13:00:00,15:25:00,30,50,0.5,83459.03,83600CE,416.25,,20.65,83400PE,403.95,13:27:00,-126.23,83600CE,346,,0,-126.234375,65.046875,-44.4,-105.59,-125.03
03-07-2025,09:16:00,13:00:00,0,0,1,83602.77,82900CE,879.8,,16,84300PE,869.6,,6.23,,,,22.2325,0,0,0,22.23,13:00:00,15:25:00,30,50,0.5,83586.34,83500CE,449,13:38:00,-140.31,83700PE,450,14:30:00,-140.62,83700PE,369,14:30:00,0,-140.31,75.375,-184.5,-249.435,-227.2
04-07-2025,09:16:00,13:00:00,0,0,1,83330.22,82600CE,865.3,,230.98,84100PE,897.7,,-180.52125,,,,50.4625,0,0,0,50.46,13:00:00,15:25:00,30,50,0.5,83097.32,82900CE,426.1,14:35:00,-133.16,83300PE,437.05,,167.99,83300PE,325.2,,0,-133.16,106.386875,61.6,34.826875,85.29
07-07-2025,09:16:00,13:00:00,0,0,1,83322.47,82500CE,848.1,,-12.5,84100PE,866.1,,28.62375,,,,16.1225,0,0,0,16.12,13:00:00,15:25:00,30,50,0.5,83306.1,83000CE,433.45,,-74.22,83600PE,419.15,,78.860625,,,,4.6425,0,0,0,4.64,20.76
08-07-2025,09:16:00,13:00:00,0,0,1,83389.76,82500CE,865.55,,-135.27,84200PE,876.95,,156.788125,,,,21.51875,0,0,0,21.52,13:00:00,15:25:00,30,50,0.5,83506.66,83100CE,402.1,15:03:00,-125.66,83900PE,411.5,,219.31,83900PE,275.15,,0,-125.66,131.20625,88.1,93.64625,115.17
09-07-2025,09:16:00,13:00:00,0,0,1,83580.43,83000CE,874.25,,-93.43,84400PE,894.9,,124.71375,,,,31.285625,0,0,0,31.29,13:00:00,15:25:00,30,50,0.5,83724.99,83800CE,425.25,,66.33,83800PE,408.75,14:34:00,-127.73,83800CE,329,,0,-127.734375,90.934375,-24.6,-61.4,-30.11
10-07-2025,09:16:00,13:00:00,0,0,1,83574.59,82900CE,864.5,,213.04,84400PE,887.2,,-228.34,,,,-15.29625,0,0,0,-15.3,13:00:00,15:25:00,30,50,0.5,83285.21,83200CE,448.2,,68.7,83500PE,445,,-24.2125,,,,44.485,0,0,0,44.49,29.19
11-07-2025,09:16:00,13:00:00,0,0,1,82924.87,82200CE,851,,256.26,83700PE,819.45,,-290.793125,,,,-34.530625,0,0,0,-34.53,13:00:00,15:25:00,30,50,0.5,82537.99,82400CE,438.15,,34.67,82900PE,436.4,,-18.105,,,,16.568125,0,0,0,16.57,-17.96
14-07-2025,09:16:00,13:00:00,0,0,1,82307.05,81600CE,834.15,,195.47,83200PE,860.2,,-199.6025,,,,-4.129375,0,0,0,-4.13,13:00:00,15:25:00,30,50,0.5,82123.59,81900CE,384,14:58:00,-120,82500PE,422,,125.72,82500PE,283.35,,0,-120,133.375,-7.65,5.725,1.59
15-07-2025,09:16:00,13:00:00,0,0,1,82418.18,81600CE,851.4,,-220.59,83300PE,870,,209.325,,,,-11.2675,0,0,0,-11.27,13:00:00,15:25:00,30,50,0.5,82626.54,82200CE,462.85,,83.36,83100PE,451.25,14:46:00,-141.02,82200CE,309.5,,0,-141.015625,147.564375,-64.2,-57.65,-68.92
16-07-2025,09:16:00,13:00:00,0,0,1,82566.01,81900CE,841.6,,-68.12,83300PE,851.75,,57.053125,,,,-11.066875,0,0,0,-11.07,13:00:00,15:25:00,30,50,0.5,82631.94,82600CE,424.05,,11.7,82700PE,400.45,,3.494375,,,,15.19375,0,0,0,15.19,4.12
17-07-2025,09:16:00,13:00:00,0,0,1,82627.62,81900CE,871.6,,83.21,83400PE,837.75,,-96.171875,,,,-12.966875,0,0,0,-12.97,13:00:00,15:25:00,30,50,0.5,82478.12,82400CE,419.7,,96,82700PE,410.65,14:30:00,-128.33,82400CE,337.65,,0,-128.328125,76.80375,19.2,-32.32,-45.29
18-07-2025,09:16:00,13:00:00,0,0,1,82195.38,81500CE,841.35,,298.83,83000PE,820,,-380.25,,,,-81.416875,0,0,0,-81.42,13:00:00,15:25:00,30,50,0.5,81742.59,81600CE,461.5,,-21.72,82100PE,455,,19.3625,,,,-2.35625,0,0,0,-2.36,-83.78
21-07-2025,09:16:00,13:00:00,0,0,1,81752.4,80900CE,912.5,,-321.01,82600PE,867.25,,294.009375,,,,-26.996875,0,0,0,-27,13:00:00,15:25:00,30,50,0.5,82051.95,81700CE,469.85,,-93.37,82500PE,477.25,13:58:00,-149.14,81700CE,353.85,15:03:00,0,-149.140625,110.126875,-176.93,-215.94,-242.94
22-07-2025,09:16:00,13:00:00,0,0,1,82449.31,81600CE,870.45,,108.37,83300PE,851,,-111.8375,,,,-3.468125,0,0,0,-3.47,13:00:00,15:25:00,30,50,0.5,82354.93,81900CE,454.1,,159.32,82800PE,457.85,14:25:00,-143.08,81900CE,320.65,,0,-143.078125,127.77375,31.55,16.25,12.78
23-07-2025,09:16:00,13:00:00,0,0,1,82439.76,81800CE,803.3,,-147.24,83200PE,837.45,,130.131875,,,,-17.109375,0,0,0,-17.11,13:00:00,15:25:00,30,50,0.5,82570.75,82500CE,442.65,,-69.98,82800PE,423.15,,60.610625,,,,-9.3725,0,0,0,-9.37,-26.48
24-07-2025,09:16:00,13:00:00,0,0,1,82673.31,82000CE,824.85,,379.14,83500PE,850,,-511.825,,,,-132.685625,0,0,0,-132.69,13:00:00,15:25:00,30,50,0.5,82099.13,82000CE,435.4,,-23.14,82400PE,436.55,,51.743125,,,,28.600625,0,0,0,28.6,-104.09
25-07-2025,09:16:00,13:00:00,0,0,1,81845.25,81100CE,850.35,,209.72,82600PE,815.65,,-224.445625,,,,-14.725,0,0,0,-14.73,13:00:00,15:25:00,30,50,0.5,81590.17,81400CE,414.9,,66.86,81800PE,390.5,,-50.23125,,,,16.6325,0,0,0,16.63,1.9
28-07-2025,09:16:00,13:00:00,0,0,1,81122.15,80400CE,840,,70,82000PE,850.5,,-62.48125,,,,7.51875,0,0,0,7.52,13:00:00,15:25:00,30,50,0.5,81063.27,80800CE,417.65,,119.28,81500PE,456,13:32:00,-142.5,80800CE,318,,0,-142.5,94.429375,24.85,-23.22,-15.7
29-07-2025,09:16:00,13:00:00,0,0,1,80680.71,79900CE,830.25,,-204.98,81500PE,794.4,,197.52,,,,-7.458125,0,0,0,-7.46,13:00:00,15:25:00,30,50,0.5,80935.63,80400CE,525.7,13:33:00,-164.28,81400PE,488.6,,421.24,81400PE,315.65,,0,-164.28,166.8425,254.4,256.9625,249.5
30-07-2025,09:16:00,13:00:00,0,0,1,81368.03,80700CE,861.9,,-173.02,82100PE,859.15,,137.810625,,,,-35.213125,0,0,0,-35.21,13:00:00,15:25:00,30,50,0.5,81527.84,81500CE,441,,4.79,81700PE,457.45,,-8.118125,,,,-3.330625,0,0,0,-3.33,-38.54
31-07-2025,09:16:00,13:00:00,0,0,1,80874.94,80300CE,812.2,,-486.45,81500PE,788.35,,464.145625,,,,-22.306875,0,0,0,-22.31,13:00:00,15:25:00,30,50,0.5,81613.45,81600CE,452.55,,214.64,81800PE,448,15:00:00,-140,81600CE,268.8,,0,-140,178.093125,36.55,74.64,52.33
